ID_LOKAL,DRUH,PA_TYPE
9628770,Phengaris nausithous,MZCHU
9628836,Phengaris nausithous,MZCHU
9376667,Phengaris nausithous,MZCHU
9376667,Phengaris nausithous,MZCHU
8769681,Phengaris nausithous,MZCHU
8113206,Phengaris nausithous,MZCHU
9376667,Phengaris teleius,MZCHU
9376667,Phengaris teleius,MZCHU
8475662,Phengaris nausithous,MZCHU
8475661,Phengaris nausithous,MZCHU
7587558,Phengaris nausithous,MZCHU
7587558,Phengaris nausithous,MZCHU
5360857,Phengaris nausithous,MZCHU
5360857,Phengaris nausithous,MZCHU
5360857,Phengaris nausithous,MZCHU
5360857,Phengaris nausithous,MZCHU
7587558,Phengaris teleius,MZCHU
7587558,Phengaris teleius,MZCHU
5360857,Phengaris teleius,MZCHU
5360857,Phengaris teleius,MZCHU
8574690,Phengaris nausithous,MZCHU
8574690,Phengaris nausithous,MZCHU
8574690,Phengaris nausithous,MZCHU
8574690,Phengaris nausithous,MZCHU
8574690,Phengaris nausithous,MZCHU
8574688,Phengaris nausithous,MZCHU
7774902,Phengaris nausithous,MZCHU
7774902,Phengaris nausithous,MZCHU
7774901,Phengaris nausithous,MZCHU
7774901,Phengaris nausithous,MZCHU
7187036,Phengaris nausithous,MZCHU
7187036,Phengaris nausithous,MZCHU
7187035,Phengaris nausithous,MZCHU
7187035,Phengaris nausithous,MZCHU
8574689,Phengaris teleius,MZCHU
8574689,Phengaris teleius,MZCHU
8574689,Phengaris teleius,MZCHU
8574689,Phengaris teleius,MZCHU
8574689,Phengaris teleius,MZCHU
8574687,Phengaris teleius,MZCHU
8339988,Phengaris teleius,MZCHU
1011890,Phengaris teleius,MZCHU
7774902,Phengaris teleius,MZCHU
7774902,Phengaris teleius,MZCHU
7774901,Phengaris teleius,MZCHU
7774901,Phengaris teleius,MZCHU
7187037,Phengaris teleius,MZCHU
7187036,Phengaris teleius,MZCHU
7187036,Phengaris teleius,MZCHU
7187035,Phengaris teleius,MZCHU
7187035,Phengaris teleius,MZCHU
8769731,Phengaris nausithous,MZCHU
8769739,Phengaris nausithous,MZCHU
7187612,Phengaris nausithous,MZCHU
7187611,Phengaris nausithous,MZCHU
7187610,Phengaris nausithous,MZCHU
8769708,Phengaris teleius,MZCHU
8769695,Phengaris teleius,MZCHU
7628392,Phengaris nausithous,MZCHU
7187542,Phengaris nausithous,MZCHU
7775139,Phengaris nausithous,MZCHU
7775182,Phengaris teleius,MZCHU
7775198,Phengaris teleius,MZCHU
7775198,Phengaris teleius,MZCHU
7775182,Phengaris teleius,MZCHU
7775161,Phengaris teleius,MZCHU
7963096,Phengaris teleius,MZCHU
10242709,Phengaris nausithous,MZCHU
10242706,Phengaris nausithous,MZCHU
10242704,Phengaris nausithous,MZCHU
9590089,Phengaris nausithous,MZCHU
9590086,Phengaris nausithous,MZCHU
9590086,Phengaris nausithous,MZCHU
9590084,Phengaris nausithous,MZCHU
9590082,Phengaris nausithous,MZCHU
9590082,Phengaris nausithous,MZCHU
9590080,Phengaris nausithous,MZCHU
9590080,Phengaris nausithous,MZCHU
9590075,Phengaris nausithous,MZCHU
9590073,Phengaris nausithous,MZCHU
9378291,Phengaris nausithous,MZCHU
9378285,Phengaris nausithous,MZCHU
8301754,Phengaris nausithous,MZCHU
8090728,Phengaris nausithous,MZCHU
7827991,Phengaris nausithous,MZCHU
7613056,Phengaris nausithous,MZCHU
7613040,Phengaris nausithous,MZCHU
7613039,Phengaris nausithous,MZCHU
7613037,Phengaris nausithous,MZCHU
7555276,Phengaris nausithous,MZCHU
7548464,Phengaris nausithous,MZCHU
7522255,Phengaris nausithous,MZCHU
7522253,Phengaris nausithous,MZCHU
7522251,Phengaris nausithous,MZCHU
7522247,Phengaris nausithous,MZCHU
7522247,Phengaris nausithous,MZCHU
7522243,Phengaris nausithous,MZCHU
7522243,Phengaris nausithous,MZCHU
7522241,Phengaris nausithous,MZCHU
7522239,Phengaris nausithous,MZCHU
7522237,Phengaris nausithous,MZCHU
7522237,Phengaris nausithous,MZCHU
7522233,Phengaris nausithous,MZCHU
7522233,Phengaris nausithous,MZCHU
7522228,Phengaris nausithous,MZCHU
7522228,Phengaris nausithous,MZCHU
7522226,Phengaris nausithous,MZCHU
7522226,Phengaris nausithous,MZCHU
7522221,Phengaris nausithous,MZCHU
7522221,Phengaris nausithous,MZCHU
7179648,Phengaris nausithous,MZCHU
7034839,Phengaris nausithous,MZCHU
9590092,Phengaris teleius,MZCHU
9590086,Phengaris teleius,MZCHU
9590086,Phengaris teleius,MZCHU
9590082,Phengaris teleius,MZCHU
9590082,Phengaris teleius,MZCHU
9590080,Phengaris teleius,MZCHU
9590080,Phengaris teleius,MZCHU
8321466,Phengaris teleius,MZCHU
7613057,Phengaris teleius,MZCHU
7522247,Phengaris teleius,MZCHU
7522247,Phengaris teleius,MZCHU
7522243,Phengaris teleius,MZCHU
7522243,Phengaris teleius,MZCHU
7522237,Phengaris teleius,MZCHU
7522237,Phengaris teleius,MZCHU
7522233,Phengaris teleius,MZCHU
7522233,Phengaris teleius,MZCHU
7522230,Phengaris teleius,MZCHU
7522228,Phengaris teleius,MZCHU
7522228,Phengaris teleius,MZCHU
7522226,Phengaris teleius,MZCHU
7522226,Phengaris teleius,MZCHU
7522221,Phengaris teleius,MZCHU
7522221,Phengaris teleius,MZCHU
7187601,Phengaris nausithous,MZCHU
8578543,Phengaris teleius,MZCHU
7614557,Phengaris teleius,MZCHU
7614557,Phengaris teleius,MZCHU
8769705,Phengaris nausithous,MZCHU
7187569,Phengaris nausithous,MZCHU
8769723,Phengaris teleius,MZCHU
7449338,Phengaris nausithous,MZCHU
8616422,Phengaris teleius,MZCHU
8574048,Phengaris nausithous,MZCHU
8574048,Phengaris nausithous,MZCHU
8318957,Phengaris nausithous,MZCHU
8318957,Phengaris nausithous,MZCHU
7606983,Phengaris nausithous,MZCHU
7606983,Phengaris nausithous,MZCHU
7606983,Phengaris nausithous,MZCHU
7587595,Phengaris nausithous,MZCHU
7587595,Phengaris nausithous,MZCHU
8318957,Phengaris teleius,MZCHU
8318957,Phengaris teleius,MZCHU
7587595,Phengaris teleius,MZCHU
7587595,Phengaris teleius,MZCHU
9628940,Phengaris nausithous,MZCHU
9363274,Phengaris nausithous,MZCHU
8642933,Phengaris nausithous,MZCHU
8642940,Phengaris nausithous,MZCHU
8610819,Phengaris nausithous,MZCHU
8610787,Phengaris nausithous,MZCHU
8610785,Phengaris nausithous,MZCHU
8610699,Phengaris nausithous,MZCHU
8610698,Phengaris nausithous,MZCHU
8610697,Phengaris nausithous,MZCHU
8106091,Phengaris nausithous,MZCHU
7543323,Phengaris nausithous,MZCHU
8574043,Phengaris nausithous,MZCHU
8574044,Phengaris teleius,MZCHU
8770208,Phengaris nausithous,MZCHU
8770188,Phengaris nausithous,MZCHU
8770207,Phengaris nausithous,MZCHU
8770205,Phengaris teleius,MZCHU
8770209,Phengaris teleius,MZCHU
8770197,Phengaris teleius,MZCHU
8770191,Phengaris teleius,MZCHU
8770199,Phengaris teleius,MZCHU
10651512,Phengaris teleius,MZCHU
10651504,Phengaris teleius,MZCHU
10651486,Phengaris teleius,MZCHU
9235643,Phengaris nausithous,MZCHU
7956005,Phengaris teleius,MZCHU
7956002,Phengaris teleius,MZCHU
7187039,Phengaris teleius,MZCHU
6957772,Phengaris teleius,MZCHU
6957772,Phengaris teleius,MZCHU
8574741,Phengaris nausithous,MZCHU
8573993,Phengaris nausithous,MZCHU
8199778,Phengaris nausithous,MZCHU
8199792,Phengaris nausithous,MZCHU
7547779,Phengaris nausithous,MZCHU
8764129,Phengaris nausithous,MZCHU
8795105,Phengaris nausithous,MZCHU
7767702,Phengaris nausithous,MZCHU
7587840,Phengaris nausithous,MZCHU
7540914,Phengaris nausithous,MZCHU
7587627,Phengaris nausithous,MZCHU
10642813,Phengaris nausithous,MZCHU
10642813,Phengaris nausithous,MZCHU
10085361,Phengaris nausithous,MZCHU
10085361,Phengaris nausithous,MZCHU
10642813,Phengaris teleius,MZCHU
10642813,Phengaris teleius,MZCHU
10085361,Phengaris teleius,MZCHU
10085361,Phengaris teleius,MZCHU
8638108,Phengaris teleius,MZCHU
10643166,Phengaris teleius,MZCHU
8609230,Phengaris teleius,MZCHU
10643145,Phengaris teleius,MZCHU
9536146,Phengaris teleius,MZCHU
8264332,Phengaris nausithous,MZCHU
8264318,Phengaris nausithous,MZCHU
8264312,Phengaris nausithous,MZCHU
7775030,Phengaris nausithous,MZCHU
7775030,Phengaris nausithous,MZCHU
7775030,Phengaris teleius,MZCHU
7775030,Phengaris teleius,MZCHU
8640872,Phengaris nausithous,MZCHU
8640872,Phengaris nausithous,MZCHU
7965282,Phengaris nausithous,MZCHU
7965282,Phengaris nausithous,MZCHU
1011781,Phengaris nausithous,MZCHU
1011781,Phengaris nausithous,MZCHU
8717144,Phengaris teleius,MZCHU
8640872,Phengaris teleius,MZCHU
8640872,Phengaris teleius,MZCHU
7965282,Phengaris teleius,MZCHU
7965282,Phengaris teleius,MZCHU
1011781,Phengaris teleius,MZCHU
1011781,Phengaris teleius,MZCHU
7036439,Phengaris nausithous,MZCHU
7036439,Phengaris nausithous,MZCHU
7036439,Phengaris teleius,MZCHU
7036439,Phengaris teleius,MZCHU
8319029,Phengaris nausithous,MZCHU
8319029,Phengaris nausithous,MZCHU
8319029,Phengaris teleius,MZCHU
8319029,Phengaris teleius,MZCHU
7774718,Phengaris nausithous,MZCHU
7774718,Phengaris nausithous,MZCHU
7774718,Phengaris teleius,MZCHU
7774718,Phengaris teleius,MZCHU
11947106,Phengaris nausithous,MZCHU
7187790,Phengaris nausithous,MZCHU
1011786,Phengaris teleius,MZCHU
1011786,Phengaris teleius,MZCHU
7288923,Phengaris nausithous,MZCHU
7288923,Phengaris nausithous,MZCHU
7288923,Phengaris teleius,MZCHU
7288923,Phengaris teleius,MZCHU
7775035,Phengaris nausithous,MZCHU
7775035,Phengaris nausithous,MZCHU
7775035,Phengaris teleius,MZCHU
7775035,Phengaris teleius,MZCHU
9355218,Phengaris teleius,MZCHU
7521240,Phengaris teleius,MZCHU
7518295,Phengaris teleius,MZCHU
11947170,Phengaris nausithous,MZCHU
7775110,Phengaris nausithous,MZCHU
7775110,Phengaris nausithous,MZCHU
7775110,Phengaris teleius,MZCHU
7775110,Phengaris teleius,MZCHU
7392756,Phengaris teleius,MZCHU
7392756,Phengaris teleius,MZCHU
7547945,Phengaris teleius,MZCHU
7547945,Phengaris teleius,MZCHU
7316868,Phengaris nausithous,MZCHU
7316868,Phengaris nausithous,MZCHU
7316868,Phengaris nausithous,MZCHU
7316868,Phengaris nausithous,MZCHU
7392756,Phengaris teleius,MZCHU
8598381,Phengaris teleius,MZCHU
8598531,Phengaris teleius,MZCHU
7392756,Phengaris teleius,MZCHU
7316868,Phengaris teleius,MZCHU
7316868,Phengaris teleius,MZCHU
7316865,Phengaris teleius,MZCHU
7187060,Phengaris teleius,MZCHU
7187058,Phengaris teleius,MZCHU
7587782,Phengaris nausithous,MZCHU
8795021,Phengaris nausithous,MZCHU
9255471,Phengaris nausithous,MZCHU
7187076,Phengaris nausithous,MZCHU
7187296,Phengaris nausithous,MZCHU
7083667,Phengaris nausithous,MZCHU
9628710,Phengaris nausithous,MZCHU
9357654,Phengaris nausithous,MZCHU
7187007,Phengaris nausithous,MZCHU
7162519,Phengaris nausithous,MZCHU
11133220,Phengaris nausithous,MZCHU
8238279,Phengaris nausithous,MZCHU
7539153,Phengaris nausithous,MZCHU
7555292,Phengaris nausithous,MZCHU
9305865,Phengaris nausithous,MZCHU
9305865,Phengaris nausithous,MZCHU
8271485,Phengaris nausithous,MZCHU
8271485,Phengaris nausithous,MZCHU
11071895,Phengaris teleius,MZCHU
9305865,Phengaris teleius,MZCHU
9305865,Phengaris teleius,MZCHU
8271485,Phengaris teleius,MZCHU
8271485,Phengaris teleius,MZCHU
8956765,Phengaris nausithous,MZCHU
7180056,Phengaris nausithous,MZCHU
7180056,Phengaris nausithous,MZCHU
8795041,Phengaris teleius,MZCHU
7180056,Phengaris teleius,MZCHU
7180056,Phengaris teleius,MZCHU
7958017,Phengaris nausithous,MZCHU
7958017,Phengaris nausithous,MZCHU
7070814,Phengaris nausithous,MZCHU
7070814,Phengaris nausithous,MZCHU
7070812,Phengaris nausithous,MZCHU
7070812,Phengaris nausithous,MZCHU
7070810,Phengaris nausithous,MZCHU
7070810,Phengaris nausithous,MZCHU
11071898,Phengaris teleius,MZCHU
10101508,Phengaris teleius,MZCHU
7958017,Phengaris teleius,MZCHU
7958017,Phengaris teleius,MZCHU
7583538,Phengaris teleius,MZCHU
7528629,Phengaris teleius,MZCHU
7070814,Phengaris teleius,MZCHU
7070814,Phengaris teleius,MZCHU
7070812,Phengaris teleius,MZCHU
7070812,Phengaris teleius,MZCHU
7070810,Phengaris teleius,MZCHU
7070810,Phengaris teleius,MZCHU
7070808,Phengaris teleius,MZCHU
7070788,Phengaris teleius,MZCHU
7180050,Phengaris nausithous,MZCHU
7180050,Phengaris nausithous,MZCHU
7180050,Phengaris teleius,MZCHU
7180050,Phengaris teleius,MZCHU
11071899,Phengaris teleius,MZCHU
7187144,Phengaris nausithous,MZCHU
7081806,Phengaris nausithous,MZCHU
7185782,Phengaris teleius,MZCHU
7539947,Phengaris nausithous,MZCHU
7539947,Phengaris nausithous,MZCHU
7539947,Phengaris teleius,MZCHU
7539947,Phengaris teleius,MZCHU
9382454,Phengaris nausithous,MZCHU
9382454,Phengaris nausithous,MZCHU
10198212,Phengaris nausithous,MZCHU
10198211,Phengaris nausithous,MZCHU
7312205,Phengaris nausithous,MZCHU
7312205,Phengaris nausithous,MZCHU
7587556,Phengaris nausithous,MZCHU
7176104,Phengaris nausithous,MZCHU
7176104,Phengaris nausithous,MZCHU
7176104,Phengaris teleius,MZCHU
7176104,Phengaris teleius,MZCHU
9628872,Phengaris nausithous,MZCHU
7775028,Phengaris nausithous,MZCHU
7775028,Phengaris nausithous,MZCHU
7775028,Phengaris teleius,MZCHU
7775028,Phengaris teleius,MZCHU
7551126,Phengaris nausithous,MZCHU
7538611,Phengaris nausithous,MZCHU
7538609,Phengaris nausithous,MZCHU
7538609,Phengaris nausithous,MZCHU
7538609,Phengaris teleius,MZCHU
7538609,Phengaris teleius,MZCHU
7538527,Phengaris teleius,MZCHU
11947133,Phengaris nausithous,MZCHU
10089035,Phengaris nausithous,MZCHU
10089035,Phengaris nausithous,MZCHU
8196768,Phengaris nausithous,MZCHU
8196768,Phengaris nausithous,MZCHU
8196768,Phengaris nausithous,MZCHU
8196768,Phengaris nausithous,MZCHU
8196768,Phengaris nausithous,MZCHU
8196768,Phengaris nausithous,MZCHU
8196768,Phengaris nausithous,MZCHU
8196768,Phengaris nausithous,MZCHU
7587555,Phengaris nausithous,MZCHU
7545300,Phengaris nausithous,MZCHU
11947068,Phengaris teleius,MZCHU
10089035,Phengaris teleius,MZCHU
10089035,Phengaris teleius,MZCHU
8196768,Phengaris teleius,MZCHU
8196768,Phengaris teleius,MZCHU
8196768,Phengaris teleius,MZCHU
8196768,Phengaris teleius,MZCHU
8196768,Phengaris teleius,MZCHU
8196768,Phengaris teleius,MZCHU
8196768,Phengaris teleius,MZCHU
8196768,Phengaris teleius,MZCHU
8196768,Phengaris teleius,MZCHU
8196768,Phengaris teleius,MZCHU
8196768,Phengaris teleius,MZCHU
8196768,Phengaris teleius,MZCHU
9591668,Phengaris nausithous,MZCHU
9378141,Phengaris nausithous,MZCHU
7544622,Phengaris nausithous,MZCHU
7544621,Phengaris nausithous,MZCHU
11132852,Phengaris nausithous,MZCHU
9591845,Phengaris nausithous,MZCHU
8799414,Phengaris nausithous,MZCHU
8626281,Phengaris nausithous,MZCHU
7634898,Phengaris nausithous,MZCHU
7049652,Phengaris nausithous,MZCHU
11132850,Phengaris teleius,MZCHU
9591846,Phengaris teleius,MZCHU
9352935,Phengaris teleius,MZCHU
8613229,Phengaris teleius,MZCHU
11132851,Phengaris nausithous,MZCHU
9591844,Phengaris nausithous,MZCHU
9352934,Phengaris nausithous,MZCHU
9352934,Phengaris nausithous,MZCHU
8799413,Phengaris nausithous,MZCHU
8626283,Phengaris nausithous,MZCHU
8613044,Phengaris nausithous,MZCHU
8613044,Phengaris nausithous,MZCHU
8278082,Phengaris nausithous,MZCHU
8278082,Phengaris nausithous,MZCHU
8278078,Phengaris nausithous,MZCHU
8278078,Phengaris nausithous,MZCHU
7609972,Phengaris nausithous,MZCHU
7049654,Phengaris nausithous,MZCHU
11132849,Phengaris teleius,MZCHU
9591847,Phengaris teleius,MZCHU
9352934,Phengaris teleius,MZCHU
9352934,Phengaris teleius,MZCHU
8799495,Phengaris teleius,MZCHU
8626165,Phengaris teleius,MZCHU
8613044,Phengaris teleius,MZCHU
8613044,Phengaris teleius,MZCHU
8278082,Phengaris teleius,MZCHU
8278082,Phengaris teleius,MZCHU
8278082,Phengaris teleius,MZCHU
8278082,Phengaris teleius,MZCHU
8278082,Phengaris teleius,MZCHU
8278082,Phengaris teleius,MZCHU
8278080,Phengaris teleius,MZCHU
8278078,Phengaris teleius,MZCHU
8278078,Phengaris teleius,MZCHU
7609968,Phengaris teleius,MZCHU
7049649,Phengaris teleius,MZCHU
11947117,Phengaris nausithous,MZCHU
11132853,Phengaris nausithous,MZCHU
10155881,Phengaris nausithous,MZCHU
9591843,Phengaris nausithous,MZCHU
8799415,Phengaris nausithous,MZCHU
8626282,Phengaris nausithous,MZCHU
8278052,Phengaris nausithous,MZCHU
8277950,Phengaris nausithous,MZCHU
7609970,Phengaris nausithous,MZCHU
7049653,Phengaris nausithous,MZCHU
11132122,Phengaris teleius,MZCHU
7066171,Phengaris nausithous,MZCHU
7026217,Phengaris nausithous,MZCHU
9359997,Phengaris nausithous,MZCHU
9359997,Phengaris nausithous,MZCHU
9359995,Phengaris nausithous,MZCHU
9359992,Phengaris nausithous,MZCHU
9359991,Phengaris nausithous,MZCHU
9359990,Phengaris nausithous,MZCHU
7187655,Phengaris nausithous,MZCHU
7066866,Phengaris nausithous,MZCHU
7066866,Phengaris nausithous,MZCHU
7051542,Phengaris nausithous,MZCHU
7041568,Phengaris nausithous,MZCHU
9359999,Phengaris teleius,MZCHU
9359998,Phengaris teleius,MZCHU
9359997,Phengaris teleius,MZCHU
9359997,Phengaris teleius,MZCHU
9359994,Phengaris teleius,MZCHU
9359993,Phengaris teleius,MZCHU
7066866,Phengaris teleius,MZCHU
7066866,Phengaris teleius,MZCHU
10101304,Phengaris nausithous,MZCHU
7601433,Phengaris nausithous,MZCHU
7536625,Phengaris nausithous,MZCHU
8120802,Phengaris nausithous,MZCHU
8120802,Phengaris nausithous,MZCHU
8117718,Phengaris nausithous,MZCHU
7547241,Phengaris nausithous,MZCHU
7547241,Phengaris nausithous,MZCHU
10080535,Phengaris teleius,MZCHU
8120802,Phengaris teleius,MZCHU
8120802,Phengaris teleius,MZCHU
7547241,Phengaris teleius,MZCHU
7547241,Phengaris teleius,MZCHU
7035570,Phengaris nausithous,MZCHU
7035570,Phengaris nausithous,MZCHU
8799966,Phengaris nausithous,MZCHU
8799966,Phengaris nausithous,MZCHU
1218356,Phengaris teleius,MZCHU
1218356,Phengaris teleius,MZCHU
1218356,Phengaris teleius,MZCHU
8799966,Phengaris teleius,MZCHU
8799966,Phengaris teleius,MZCHU
8799966,Phengaris teleius,MZCHU
8799966,Phengaris teleius,MZCHU
7584357,Phengaris teleius,MZCHU
7187077,Phengaris teleius,MZCHU
10505907,Phengaris nausithous,MZCHU
10505906,Phengaris nausithous,MZCHU
7164046,Phengaris nausithous,MZCHU
7164051,Phengaris nausithous,MZCHU
7164051,Phengaris nausithous,MZCHU
7164051,Phengaris teleius,MZCHU
7164051,Phengaris teleius,MZCHU
7650450,Phengaris nausithous,MZCHU
8641702,Phengaris nausithous,MZCHU
8641703,Phengaris teleius,MZCHU
7775080,Phengaris nausithous,MZCHU
7775080,Phengaris nausithous,MZCHU
7775080,Phengaris teleius,MZCHU
7775080,Phengaris teleius,MZCHU
7587560,Phengaris nausithous,MZCHU
7587559,Phengaris nausithous,MZCHU
7547029,Phengaris nausithous,MZCHU
7414609,Phengaris nausithous,MZCHU
7774721,Phengaris nausithous,MZCHU
7774721,Phengaris nausithous,MZCHU
7774720,Phengaris nausithous,MZCHU
7774720,Phengaris nausithous,MZCHU
7774721,Phengaris teleius,MZCHU
7774721,Phengaris teleius,MZCHU
7774720,Phengaris teleius,MZCHU
7774720,Phengaris teleius,MZCHU
7587695,Phengaris nausithous,MZCHU
7312514,Phengaris nausithous,MZCHU
7313610,Phengaris nausithous,MZCHU
8956581,Phengaris nausithous,MZCHU
10254090,Phengaris nausithous,MZCHU
8956769,Phengaris nausithous,MZCHU
10505904,Phengaris nausithous,MZCHU
8624677,Phengaris nausithous,MZCHU
8624653,Phengaris nausithous,MZCHU
8624600,Phengaris nausithous,MZCHU
8624732,Phengaris nausithous,MZCHU
8624734,Phengaris nausithous,MZCHU
8624734,Phengaris nausithous,MZCHU
8624733,Phengaris nausithous,MZCHU
8624688,Phengaris nausithous,MZCHU
8624686,Phengaris nausithous,MZCHU
8624645,Phengaris nausithous,MZCHU
8624644,Phengaris nausithous,MZCHU
8624584,Phengaris nausithous,MZCHU
8624663,Phengaris nausithous,MZCHU
8624680,Phengaris nausithous,MZCHU
8624586,Phengaris nausithous,MZCHU
8624606,Phengaris nausithous,MZCHU
8624605,Phengaris nausithous,MZCHU
8093733,Phengaris nausithous,MZCHU
8093344,Phengaris nausithous,MZCHU
8093343,Phengaris nausithous,MZCHU
8093342,Phengaris nausithous,MZCHU
8093341,Phengaris nausithous,MZCHU
8093334,Phengaris nausithous,MZCHU
8093331,Phengaris nausithous,MZCHU
8093328,Phengaris nausithous,MZCHU
8093325,Phengaris nausithous,MZCHU
8093318,Phengaris nausithous,MZCHU
8093315,Phengaris nausithous,MZCHU
8093310,Phengaris nausithous,MZCHU
8093294,Phengaris nausithous,MZCHU
8093289,Phengaris nausithous,MZCHU
8093271,Phengaris nausithous,MZCHU
8093266,Phengaris nausithous,MZCHU
8093261,Phengaris nausithous,MZCHU
8093258,Phengaris nausithous,MZCHU
8093250,Phengaris nausithous,MZCHU
8093245,Phengaris nausithous,MZCHU
8093240,Phengaris nausithous,MZCHU
8093223,Phengaris nausithous,MZCHU
8093213,Phengaris nausithous,MZCHU
8093183,Phengaris nausithous,MZCHU
8093178,Phengaris nausithous,MZCHU
8093177,Phengaris nausithous,MZCHU
8093176,Phengaris nausithous,MZCHU
8093175,Phengaris nausithous,MZCHU
8093155,Phengaris nausithous,MZCHU
8093149,Phengaris nausithous,MZCHU
8093147,Phengaris nausithous,MZCHU
8093146,Phengaris nausithous,MZCHU
8093135,Phengaris nausithous,MZCHU
8093133,Phengaris nausithous,MZCHU
8093132,Phengaris nausithous,MZCHU
8093129,Phengaris nausithous,MZCHU
7961020,Phengaris nausithous,MZCHU
7961019,Phengaris nausithous,MZCHU
7961018,Phengaris nausithous,MZCHU
7961017,Phengaris nausithous,MZCHU
7961016,Phengaris nausithous,MZCHU
7961015,Phengaris nausithous,MZCHU
7960915,Phengaris nausithous,MZCHU
7960914,Phengaris nausithous,MZCHU
7548462,Phengaris nausithous,MZCHU
8624734,Phengaris teleius,MZCHU
8624734,Phengaris teleius,MZCHU
8624627,Phengaris teleius,MZCHU
8624693,Phengaris teleius,MZCHU
8093732,Phengaris teleius,MZCHU
8093731,Phengaris teleius,MZCHU
8093280,Phengaris teleius,MZCHU
8093253,Phengaris teleius,MZCHU
8093220,Phengaris teleius,MZCHU
8093186,Phengaris teleius,MZCHU
8093158,Phengaris teleius,MZCHU
8093152,Phengaris teleius,MZCHU
8093151,Phengaris teleius,MZCHU
8093134,Phengaris teleius,MZCHU
7960913,Phengaris teleius,MZCHU
8393150,Phengaris nausithous,MZCHU
7039848,Phengaris nausithous,MZCHU
8352568,Phengaris nausithous,MZCHU
8964897,Phengaris nausithous,MZCHU
8802286,Phengaris nausithous,MZCHU
8090730,Phengaris nausithous,MZCHU
7659567,Phengaris nausithous,MZCHU
7604988,Phengaris nausithous,MZCHU
7585878,Phengaris nausithous,MZCHU
8574540,Phengaris nausithous,MZCHU
8574540,Phengaris nausithous,MZCHU
8574539,Phengaris nausithous,MZCHU
7647203,Phengaris nausithous,MZCHU
10094297,Phengaris nausithous,MZCHU
10094297,Phengaris nausithous,MZCHU
8611983,Phengaris nausithous,MZCHU
8611983,Phengaris nausithous,MZCHU
8475646,Phengaris nausithous,MZCHU
8475645,Phengaris nausithous,MZCHU
8097068,Phengaris nausithous,MZCHU
8097068,Phengaris nausithous,MZCHU
7187071,Phengaris nausithous,MZCHU
7038905,Phengaris nausithous,MZCHU
10094297,Phengaris teleius,MZCHU
10094297,Phengaris teleius,MZCHU
10070361,Phengaris teleius,MZCHU
8611983,Phengaris teleius,MZCHU
8611983,Phengaris teleius,MZCHU
8097068,Phengaris teleius,MZCHU
8097068,Phengaris teleius,MZCHU
7556239,Phengaris teleius,MZCHU
8574512,Phengaris nausithous,MZCHU
7774825,Phengaris nausithous,MZCHU
7774825,Phengaris nausithous,MZCHU
7774825,Phengaris teleius,MZCHU
7774825,Phengaris teleius,MZCHU
7652825,Phengaris nausithous,MZCHU
7652825,Phengaris nausithous,MZCHU
7652825,Phengaris nausithous,MZCHU
7652825,Phengaris nausithous,MZCHU
7652825,Phengaris nausithous,MZCHU
7652831,Phengaris nausithous,MZCHU
7652831,Phengaris nausithous,MZCHU
7774773,Phengaris nausithous,MZCHU
7774773,Phengaris nausithous,MZCHU
7774772,Phengaris nausithous,MZCHU
7774772,Phengaris nausithous,MZCHU
7774675,Phengaris nausithous,MZCHU
7774675,Phengaris nausithous,MZCHU
7652831,Phengaris nausithous,MZCHU
7652825,Phengaris nausithous,MZCHU
7036064,Phengaris nausithous,MZCHU
7036062,Phengaris nausithous,MZCHU
7774773,Phengaris teleius,MZCHU
7774773,Phengaris teleius,MZCHU
7774772,Phengaris teleius,MZCHU
7774772,Phengaris teleius,MZCHU
7774675,Phengaris teleius,MZCHU
7774675,Phengaris teleius,MZCHU
7652835,Phengaris nausithous,MZCHU
8240965,Phengaris nausithous,MZCHU
8240965,Phengaris nausithous,MZCHU
7652835,Phengaris nausithous,MZCHU
7652835,Phengaris nausithous,MZCHU
7652835,Phengaris nausithous,MZCHU
7652835,Phengaris nausithous,MZCHU
7652835,Phengaris nausithous,MZCHU
7652835,Phengaris nausithous,MZCHU
7652835,Phengaris nausithous,MZCHU
7652835,Phengaris nausithous,MZCHU
7652835,Phengaris nausithous,MZCHU
5295187,Phengaris nausithous,MZCHU
7032584,Phengaris nausithous,MZCHU
8574267,Phengaris nausithous,MZCHU
8574266,Phengaris nausithous,MZCHU
8110841,Phengaris nausithous,MZCHU
8956734,Phengaris nausithous,MZCHU
8626318,Phengaris nausithous,MZCHU
8574036,Phengaris nausithous,MZCHU
8574035,Phengaris nausithous,MZCHU
7547237,Phengaris nausithous,MZCHU
10080537,Phengaris teleius,MZCHU
9386336,Phengaris teleius,MZCHU
7547238,Phengaris teleius,MZCHU
7034275,Phengaris teleius,MZCHU
8574401,Phengaris nausithous,MZCHU
10108193,Phengaris nausithous,MZCHU
11947080,Phengaris nausithous,MZCHU
10682267,Phengaris nausithous,MZCHU
10682267,Phengaris nausithous,MZCHU
10682267,Phengaris nausithous,MZCHU
10682267,Phengaris nausithous,MZCHU
10234112,Phengaris nausithous,MZCHU
10234112,Phengaris nausithous,MZCHU
10234111,Phengaris nausithous,MZCHU
10233632,Phengaris nausithous,MZCHU
8795023,Phengaris nausithous,MZCHU
8558115,Phengaris nausithous,MZCHU
8558115,Phengaris nausithous,MZCHU
8219513,Phengaris nausithous,MZCHU
8219513,Phengaris nausithous,MZCHU
7187462,Phengaris nausithous,MZCHU
7187275,Phengaris nausithous,MZCHU
11947167,Phengaris teleius,MZCHU
10682267,Phengaris teleius,MZCHU
10682267,Phengaris teleius,MZCHU
10682267,Phengaris teleius,MZCHU
10682267,Phengaris teleius,MZCHU
10234112,Phengaris teleius,MZCHU
10234112,Phengaris teleius,MZCHU
8795079,Phengaris teleius,MZCHU
8558115,Phengaris teleius,MZCHU
8558115,Phengaris teleius,MZCHU
8219513,Phengaris teleius,MZCHU
8219513,Phengaris teleius,MZCHU
7187127,Phengaris teleius,MZCHU
7187019,Phengaris teleius,MZCHU
11947131,Phengaris nausithous,MZCHU
8106643,Phengaris nausithous,MZCHU
8648545,Phengaris nausithous,MZCHU
7774918,Phengaris nausithous,MZCHU
7774918,Phengaris nausithous,MZCHU
7187695,Phengaris nausithous,MZCHU
9628859,Phengaris teleius,MZCHU
7774918,Phengaris teleius,MZCHU
7774918,Phengaris teleius,MZCHU
9496559,Phengaris nausithous,MZCHU
8578427,Phengaris nausithous,MZCHU
8578427,Phengaris nausithous,MZCHU
9496554,Phengaris teleius,MZCHU
8578427,Phengaris teleius,MZCHU
8578427,Phengaris teleius,MZCHU
10092824,Phengaris nausithous,MZCHU
9353833,Phengaris nausithous,MZCHU
9353831,Phengaris nausithous,MZCHU
7032016,Phengaris nausithous,MZCHU
7032101,Phengaris nausithous,MZCHU
11947126,Phengaris nausithous,MZCHU
8207444,Phengaris nausithous,MZCHU
8207444,Phengaris nausithous,MZCHU
8207444,Phengaris teleius,MZCHU
8207444,Phengaris teleius,MZCHU
8207444,Phengaris teleius,MZCHU
8207444,Phengaris teleius,MZCHU
7029597,Phengaris nausithous,MZCHU
7029595,Phengaris nausithous,MZCHU
7581639,Phengaris nausithous,MZCHU
5360857,Phengaris nausithous,MZCHU
5360857,Phengaris nausithous,MZCHU
5360857,Phengaris nausithous,MZCHU
5360857,Phengaris nausithous,MZCHU
5360857,Phengaris teleius,MZCHU
5360857,Phengaris teleius,MZCHU
7634192,Phengaris nausithous,MZCHU
7634192,Phengaris nausithous,MZCHU
7601500,Phengaris nausithous,MZCHU
7601500,Phengaris nausithous,MZCHU
7634192,Phengaris teleius,MZCHU
7634192,Phengaris teleius,MZCHU
7601500,Phengaris teleius,MZCHU
7601500,Phengaris teleius,MZCHU
8654080,Phengaris nausithous,MZCHU
8654078,Phengaris nausithous,MZCHU
8654077,Phengaris nausithous,MZCHU
8654075,Phengaris nausithous,MZCHU
8103568,Phengaris nausithous,MZCHU
7597569,Phengaris nausithous,MZCHU
7528658,Phengaris nausithous,MZCHU
7528657,Phengaris nausithous,MZCHU
7528657,Phengaris nausithous,MZCHU
7528652,Phengaris nausithous,MZCHU
7034848,Phengaris nausithous,MZCHU
7034875,Phengaris nausithous,MZCHU
7034874,Phengaris nausithous,MZCHU
7034873,Phengaris nausithous,MZCHU
7034276,Phengaris nausithous,MZCHU
7034270,Phengaris nausithous,MZCHU
7034271,Phengaris nausithous,MZCHU
7034270,Phengaris nausithous,MZCHU
7034269,Phengaris nausithous,MZCHU
7034267,Phengaris nausithous,MZCHU
8574120,Phengaris nausithous,MZCHU
8574118,Phengaris nausithous,MZCHU
8574116,Phengaris nausithous,MZCHU
8574121,Phengaris teleius,MZCHU
8574119,Phengaris teleius,MZCHU
8574117,Phengaris teleius,MZCHU
10769669,Phengaris nausithous,MZCHU
8574597,Phengaris nausithous,MZCHU
7774903,Phengaris nausithous,MZCHU
7774903,Phengaris nausithous,MZCHU
7774903,Phengaris teleius,MZCHU
7774903,Phengaris teleius,MZCHU
7187602,Phengaris nausithous,MZCHU
7187567,Phengaris nausithous,MZCHU
7187566,Phengaris nausithous,MZCHU
7537480,Phengaris teleius,MZCHU
8574733,Phengaris nausithous,MZCHU
8574734,Phengaris teleius,MZCHU
7187543,Phengaris nausithous,MZCHU
7028525,Phengaris nausithous,MZCHU
7587797,Phengaris nausithous,MZCHU
8271503,Phengaris nausithous,MZCHU
8271501,Phengaris nausithous,MZCHU
9365650,Phengaris nausithous,MZCHU
8598219,Phengaris nausithous,MZCHU
7774851,Phengaris nausithous,MZCHU
7774851,Phengaris nausithous,MZCHU
7774851,Phengaris teleius,MZCHU
7774851,Phengaris teleius,MZCHU
7322855,Phengaris nausithous,MZCHU
7187176,Phengaris nausithous,MZCHU
10036322,Phengaris teleius,MZCHU
10036321,Phengaris teleius,MZCHU
8581276,Phengaris teleius,MZCHU
7314538,Phengaris nausithous,MZCHU
8574557,Phengaris nausithous,MZCHU
8373594,Phengaris nausithous,MZCHU
7652833,Phengaris nausithous,MZCHU
7652833,Phengaris nausithous,MZCHU
7652833,Phengaris nausithous,MZCHU
7652833,Phengaris nausithous,MZCHU
7036059,Phengaris nausithous,MZCHU
10094135,Phengaris nausithous,MZCHU
7627936,Phengaris nausithous,MZCHU
7627893,Phengaris nausithous,MZCHU
7627932,Phengaris nausithous,MZCHU
7627893,Phengaris nausithous,MZCHU
7627932,Phengaris nausithous,MZCHU
7627936,Phengaris nausithous,MZCHU
7627936,Phengaris nausithous,MZCHU
7627932,Phengaris nausithous,MZCHU
7627893,Phengaris nausithous,MZCHU
7774715,Phengaris nausithous,MZCHU
7774715,Phengaris nausithous,MZCHU
7774715,Phengaris teleius,MZCHU
7774715,Phengaris teleius,MZCHU
7774931,Phengaris nausithous,MZCHU
7774931,Phengaris nausithous,MZCHU
7774931,Phengaris teleius,MZCHU
7774931,Phengaris teleius,MZCHU
9394239,Phengaris nausithous,MZCHU
9394239,Phengaris nausithous,MZCHU
7187760,Phengaris nausithous,MZCHU
7187759,Phengaris nausithous,MZCHU
7187302,Phengaris nausithous,MZCHU
8090191,Phengaris nausithous,MZCHU
7945779,Phengaris nausithous,MZCHU
7774683,Phengaris nausithous,MZCHU
7774683,Phengaris nausithous,MZCHU
7602048,Phengaris nausithous,MZCHU
7774683,Phengaris teleius,MZCHU
7774683,Phengaris teleius,MZCHU
9628906,Phengaris nausithous,MZCHU
10095116,Phengaris nausithous,MZCHU
10053200,Phengaris nausithous,MZCHU
9378131,Phengaris nausithous,MZCHU
8100226,Phengaris nausithous,MZCHU
8100224,Phengaris nausithous,MZCHU
8100222,Phengaris nausithous,MZCHU
7547021,Phengaris nausithous,MZCHU
7527242,Phengaris nausithous,MZCHU
7616108,Phengaris nausithous,MZCHU
7616108,Phengaris nausithous,MZCHU
7616086,Phengaris nausithous,MZCHU
7616086,Phengaris nausithous,MZCHU
7616060,Phengaris nausithous,MZCHU
7547019,Phengaris nausithous,MZCHU
7547018,Phengaris nausithous,MZCHU
7616108,Phengaris teleius,MZCHU
7616108,Phengaris teleius,MZCHU
7616086,Phengaris teleius,MZCHU
7616086,Phengaris teleius,MZCHU
10642802,Phengaris nausithous,MZCHU
10642802,Phengaris nausithous,MZCHU
10642802,Phengaris nausithous,MZCHU
10642802,Phengaris nausithous,MZCHU
10642802,Phengaris teleius,MZCHU
10642802,Phengaris teleius,MZCHU
10642802,Phengaris teleius,MZCHU
10642802,Phengaris teleius,MZCHU
10651386,Phengaris nausithous,MZCHU
10651386,Phengaris nausithous,MZCHU
7550670,Phengaris nausithous,MZCHU
7550670,Phengaris nausithous,MZCHU
10651386,Phengaris teleius,MZCHU
10651386,Phengaris teleius,MZCHU
10651386,Phengaris teleius,MZCHU
10651386,Phengaris teleius,MZCHU
7550670,Phengaris teleius,MZCHU
7550670,Phengaris teleius,MZCHU
10085346,Phengaris nausithous,MZCHU
10085346,Phengaris nausithous,MZCHU
10651389,Phengaris teleius,MZCHU
10085346,Phengaris teleius,MZCHU
10085346,Phengaris teleius,MZCHU
9390031,Phengaris teleius,MZCHU
7438896,Phengaris nausithous,MZCHU
9535854,Phengaris nausithous,MZCHU
9379145,Phengaris nausithous,MZCHU
9379145,Phengaris nausithous,MZCHU
7966934,Phengaris nausithous,MZCHU
7770883,Phengaris nausithous,MZCHU
7666865,Phengaris nausithous,MZCHU
9536265,Phengaris teleius,MZCHU
9379145,Phengaris teleius,MZCHU
9379145,Phengaris teleius,MZCHU
8574046,Phengaris nausithous,MZCHU
8574047,Phengaris teleius,MZCHU
10651529,Phengaris teleius,MZCHU
10651526,Phengaris teleius,MZCHU
9338445,Phengaris teleius,MZCHU
1011562,Phengaris nausithous,MZCHU
8769680,Phengaris nausithous,MZCHU
8769733,Phengaris nausithous,MZCHU
8769707,Phengaris nausithous,MZCHU
9628912,Phengaris nausithous,MZCHU
9362715,Phengaris nausithous,MZCHU
8642917,Phengaris nausithous,MZCHU
8574668,Phengaris nausithous,MZCHU
7036443,Phengaris nausithous,MZCHU
7036443,Phengaris nausithous,MZCHU
7036443,Phengaris teleius,MZCHU
7036443,Phengaris teleius,MZCHU
8764111,Phengaris nausithous,MZCHU
8956582,Phengaris nausithous,MZCHU
8574059,Phengaris nausithous,MZCHU
8095244,Phengaris nausithous,MZCHU
8095244,Phengaris nausithous,MZCHU
7587641,Phengaris nausithous,MZCHU
7187303,Phengaris nausithous,MZCHU
8764112,Phengaris nausithous,MZCHU
7675256,Phengaris nausithous,MZCHU
7675248,Phengaris nausithous,MZCHU
8574097,Phengaris nausithous,MZCHU
6545324,Phengaris nausithous,MZCHU
6545279,Phengaris nausithous,MZCHU
6545324,Phengaris nausithous,MZCHU
6545324,Phengaris nausithous,MZCHU
6545324,Phengaris nausithous,MZCHU
6545324,Phengaris nausithous,MZCHU
6545324,Phengaris nausithous,MZCHU
7774991,Phengaris nausithous,MZCHU
7774991,Phengaris nausithous,MZCHU
7774822,Phengaris nausithous,MZCHU
7774822,Phengaris nausithous,MZCHU
7774991,Phengaris teleius,MZCHU
7774991,Phengaris teleius,MZCHU
7774822,Phengaris teleius,MZCHU
7774822,Phengaris teleius,MZCHU
7606539,Phengaris nausithous,MZCHU
7606539,Phengaris nausithous,MZCHU
7606539,Phengaris teleius,MZCHU
7606539,Phengaris teleius,MZCHU
8956583,Phengaris nausithous,MZCHU
7775091,Phengaris nausithous,MZCHU
7775091,Phengaris nausithous,MZCHU
7775090,Phengaris nausithous,MZCHU
7775090,Phengaris nausithous,MZCHU
7774997,Phengaris nausithous,MZCHU
7774997,Phengaris nausithous,MZCHU
7775091,Phengaris teleius,MZCHU
7775091,Phengaris teleius,MZCHU
7775090,Phengaris teleius,MZCHU
7775090,Phengaris teleius,MZCHU
7774997,Phengaris teleius,MZCHU
7774997,Phengaris teleius,MZCHU
8271522,Phengaris nausithous,MZCHU
8271522,Phengaris nausithous,MZCHU
8271522,Phengaris nausithous,MZCHU
8271522,Phengaris nausithous,MZCHU
7167040,Phengaris nausithous,MZCHU
7167040,Phengaris nausithous,MZCHU
7167039,Phengaris nausithous,MZCHU
7167039,Phengaris nausithous,MZCHU
11071891,Phengaris teleius,MZCHU
8795031,Phengaris teleius,MZCHU
8271522,Phengaris teleius,MZCHU
8271522,Phengaris teleius,MZCHU
8271522,Phengaris teleius,MZCHU
8271522,Phengaris teleius,MZCHU
7167040,Phengaris teleius,MZCHU
7167040,Phengaris teleius,MZCHU
7167039,Phengaris teleius,MZCHU
7167039,Phengaris teleius,MZCHU
7282054,Phengaris nausithous,MZCHU
7966193,Phengaris nausithous,MZCHU
7537494,Phengaris nausithous,MZCHU
7176051,Phengaris nausithous,MZCHU
7176051,Phengaris nausithous,MZCHU
7176051,Phengaris nausithous,MZCHU
7176051,Phengaris nausithous,MZCHU
7176051,Phengaris teleius,MZCHU
7176051,Phengaris teleius,MZCHU
7176051,Phengaris teleius,MZCHU
7176051,Phengaris teleius,MZCHU
8606990,Phengaris nausithous,MZCHU
7774947,Phengaris nausithous,MZCHU
7774947,Phengaris nausithous,MZCHU
7774947,Phengaris teleius,MZCHU
7774947,Phengaris teleius,MZCHU
10089121,Phengaris nausithous,MZCHU
7176043,Phengaris nausithous,MZCHU
7176043,Phengaris nausithous,MZCHU
7176043,Phengaris teleius,MZCHU
7176043,Phengaris teleius,MZCHU
6953926,Phengaris teleius,MZCHU
9293829,Phengaris nausithous,MZCHU
8611374,Phengaris nausithous,MZCHU
8611374,Phengaris nausithous,MZCHU
8207692,Phengaris nausithous,MZCHU
8611374,Phengaris teleius,MZCHU
8611374,Phengaris teleius,MZCHU
8185983,Phengaris teleius,MZCHU
10769693,Phengaris nausithous,MZCHU
10769693,Phengaris nausithous,MZCHU
10073058,Phengaris nausithous,MZCHU
9398507,Phengaris nausithous,MZCHU
9344927,Phengaris nausithous,MZCHU
9344927,Phengaris nausithous,MZCHU
9344926,Phengaris nausithous,MZCHU
9344926,Phengaris nausithous,MZCHU
9344925,Phengaris nausithous,MZCHU
9344925,Phengaris nausithous,MZCHU
9344924,Phengaris nausithous,MZCHU
9344924,Phengaris nausithous,MZCHU
9344922,Phengaris nausithous,MZCHU
9344922,Phengaris nausithous,MZCHU
9344918,Phengaris nausithous,MZCHU
9343931,Phengaris nausithous,MZCHU
8775733,Phengaris nausithous,MZCHU
8775733,Phengaris nausithous,MZCHU
8775735,Phengaris nausithous,MZCHU
8775741,Phengaris nausithous,MZCHU
8775741,Phengaris nausithous,MZCHU
8644315,Phengaris nausithous,MZCHU
8631445,Phengaris nausithous,MZCHU
8631444,Phengaris nausithous,MZCHU
8475656,Phengaris nausithous,MZCHU
8111798,Phengaris nausithous,MZCHU
8098416,Phengaris nausithous,MZCHU
8090830,Phengaris nausithous,MZCHU
8090829,Phengaris nausithous,MZCHU
8090828,Phengaris nausithous,MZCHU
7963109,Phengaris nausithous,MZCHU
7583648,Phengaris nausithous,MZCHU
7583648,Phengaris nausithous,MZCHU
7549417,Phengaris nausithous,MZCHU
7549413,Phengaris nausithous,MZCHU
7549412,Phengaris nausithous,MZCHU
7544125,Phengaris nausithous,MZCHU
7544108,Phengaris nausithous,MZCHU
7544107,Phengaris nausithous,MZCHU
7544106,Phengaris nausithous,MZCHU
7544105,Phengaris nausithous,MZCHU
7544104,Phengaris nausithous,MZCHU
7532901,Phengaris nausithous,MZCHU
7532901,Phengaris nausithous,MZCHU
7532900,Phengaris nausithous,MZCHU
7526246,Phengaris nausithous,MZCHU
7526245,Phengaris nausithous,MZCHU
7523445,Phengaris nausithous,MZCHU
7519140,Phengaris nausithous,MZCHU
7519139,Phengaris nausithous,MZCHU
7042941,Phengaris nausithous,MZCHU
7042939,Phengaris nausithous,MZCHU
7042938,Phengaris nausithous,MZCHU
7042937,Phengaris nausithous,MZCHU
7042936,Phengaris nausithous,MZCHU
7040185,Phengaris nausithous,MZCHU
7030780,Phengaris nausithous,MZCHU
7030779,Phengaris nausithous,MZCHU
7030773,Phengaris nausithous,MZCHU
7030772,Phengaris nausithous,MZCHU
7030770,Phengaris nausithous,MZCHU
7027296,Phengaris nausithous,MZCHU
7027295,Phengaris nausithous,MZCHU
7027295,Phengaris nausithous,MZCHU
7027294,Phengaris nausithous,MZCHU
7027293,Phengaris nausithous,MZCHU
7027287,Phengaris nausithous,MZCHU
7027285,Phengaris nausithous,MZCHU
7024643,Phengaris nausithous,MZCHU
10769693,Phengaris teleius,MZCHU
10769693,Phengaris teleius,MZCHU
10073059,Phengaris teleius,MZCHU
10033302,Phengaris teleius,MZCHU
10033300,Phengaris teleius,MZCHU
10033299,Phengaris teleius,MZCHU
9344927,Phengaris teleius,MZCHU
9344927,Phengaris teleius,MZCHU
9344926,Phengaris teleius,MZCHU
9344926,Phengaris teleius,MZCHU
9344925,Phengaris teleius,MZCHU
9344925,Phengaris teleius,MZCHU
9344924,Phengaris teleius,MZCHU
9344924,Phengaris teleius,MZCHU
9344923,Phengaris teleius,MZCHU
9344922,Phengaris teleius,MZCHU
9344922,Phengaris teleius,MZCHU
9344921,Phengaris teleius,MZCHU
9344917,Phengaris teleius,MZCHU
8775731,Phengaris teleius,MZCHU
8775731,Phengaris teleius,MZCHU
8775733,Phengaris teleius,MZCHU
8775733,Phengaris teleius,MZCHU
8775733,Phengaris teleius,MZCHU
8775733,Phengaris teleius,MZCHU
8775733,Phengaris teleius,MZCHU
8775733,Phengaris teleius,MZCHU
8775741,Phengaris teleius,MZCHU
8775741,Phengaris teleius,MZCHU
8775745,Phengaris teleius,MZCHU
8775745,Phengaris teleius,MZCHU
8775745,Phengaris teleius,MZCHU
8775747,Phengaris teleius,MZCHU
8775747,Phengaris teleius,MZCHU
8609053,Phengaris teleius,MZCHU
8609052,Phengaris teleius,MZCHU
7963110,Phengaris teleius,MZCHU
7963108,Phengaris teleius,MZCHU
7963107,Phengaris teleius,MZCHU
7583648,Phengaris teleius,MZCHU
7583648,Phengaris teleius,MZCHU
7532901,Phengaris teleius,MZCHU
7532901,Phengaris teleius,MZCHU
7523446,Phengaris teleius,MZCHU
7519141,Phengaris teleius,MZCHU
7453044,Phengaris teleius,MZCHU
7027295,Phengaris teleius,MZCHU
7027295,Phengaris teleius,MZCHU
9305192,Phengaris teleius,MZCHU
8555258,Phengaris teleius,MZCHU
10142219,Phengaris teleius,MZCHU
8581231,Phengaris nausithous,MZCHU
7538157,Phengaris nausithous,MZCHU
7032876,Phengaris nausithous,MZCHU
9537368,Phengaris nausithous,MZCHU
9537368,Phengaris nausithous,MZCHU
9537368,Phengaris nausithous,MZCHU
9537368,Phengaris nausithous,MZCHU
9537366,Phengaris nausithous,MZCHU
9537366,Phengaris nausithous,MZCHU
9537366,Phengaris nausithous,MZCHU
9537366,Phengaris nausithous,MZCHU
9537368,Phengaris nausithous,MZCHU
9537368,Phengaris nausithous,MZCHU
9537368,Phengaris nausithous,MZCHU
9537368,Phengaris nausithous,MZCHU
9537366,Phengaris nausithous,MZCHU
9537366,Phengaris nausithous,MZCHU
9537366,Phengaris nausithous,MZCHU
9537366,Phengaris nausithous,MZCHU
9537282,Phengaris nausithous,MZCHU
9537282,Phengaris nausithous,MZCHU
9537282,Phengaris nausithous,MZCHU
9537282,Phengaris nausithous,MZCHU
9537282,Phengaris nausithous,MZCHU
9537282,Phengaris nausithous,MZCHU
9537282,Phengaris nausithous,MZCHU
9537282,Phengaris nausithous,MZCHU
9537282,Phengaris nausithous,MZCHU
9537282,Phengaris nausithous,MZCHU
9537277,Phengaris nausithous,MZCHU
9537277,Phengaris nausithous,MZCHU
9537277,Phengaris nausithous,MZCHU
9537277,Phengaris nausithous,MZCHU
9537277,Phengaris nausithous,MZCHU
9537277,Phengaris nausithous,MZCHU
9537277,Phengaris nausithous,MZCHU
9537277,Phengaris nausithous,MZCHU
9356836,Phengaris nausithous,MZCHU
7406459,Phengaris nausithous,MZCHU
7406459,Phengaris nausithous,MZCHU
9537368,Phengaris teleius,MZCHU
9537368,Phengaris teleius,MZCHU
9537368,Phengaris teleius,MZCHU
9537368,Phengaris teleius,MZCHU
9537366,Phengaris teleius,MZCHU
9537366,Phengaris teleius,MZCHU
9537366,Phengaris teleius,MZCHU
9537366,Phengaris teleius,MZCHU
9537282,Phengaris teleius,MZCHU
9537282,Phengaris teleius,MZCHU
9537282,Phengaris teleius,MZCHU
9537282,Phengaris teleius,MZCHU
9537282,Phengaris teleius,MZCHU
9537282,Phengaris teleius,MZCHU
9537282,Phengaris teleius,MZCHU
9537282,Phengaris teleius,MZCHU
9537282,Phengaris teleius,MZCHU
9537282,Phengaris teleius,MZCHU
9537277,Phengaris teleius,MZCHU
9537277,Phengaris teleius,MZCHU
9537277,Phengaris teleius,MZCHU
9537277,Phengaris teleius,MZCHU
9537277,Phengaris teleius,MZCHU
9537277,Phengaris teleius,MZCHU
7406459,Phengaris teleius,MZCHU
7406459,Phengaris teleius,MZCHU
10089052,Phengaris nausithous,MZCHU
8959090,Phengaris nausithous,MZCHU
9536899,Phengaris nausithous,MZCHU
9536899,Phengaris nausithous,MZCHU
9537188,Phengaris nausithous,MZCHU
9537188,Phengaris nausithous,MZCHU
9536899,Phengaris teleius,MZCHU
9536899,Phengaris teleius,MZCHU
9537188,Phengaris teleius,MZCHU
9537188,Phengaris teleius,MZCHU
9537188,Phengaris teleius,MZCHU
9537188,Phengaris teleius,MZCHU
9537188,Phengaris teleius,MZCHU
9537188,Phengaris teleius,MZCHU
9536899,Phengaris teleius,MZCHU
9536899,Phengaris teleius,MZCHU
7774887,Phengaris nausithous,MZCHU
7774887,Phengaris nausithous,MZCHU
7774887,Phengaris teleius,MZCHU
7774887,Phengaris teleius,MZCHU
7775111,Phengaris nausithous,MZCHU
7775111,Phengaris nausithous,MZCHU
7774679,Phengaris nausithous,MZCHU
7774679,Phengaris nausithous,MZCHU
7604973,Phengaris nausithous,MZCHU
7604979,Phengaris nausithous,MZCHU
7604977,Phengaris nausithous,MZCHU
7775111,Phengaris teleius,MZCHU
7775111,Phengaris teleius,MZCHU
7774679,Phengaris teleius,MZCHU
7774679,Phengaris teleius,MZCHU
10190863,Phengaris nausithous,MZCHU
7955864,Phengaris nausithous,MZCHU
7955864,Phengaris nausithous,MZCHU
7955864,Phengaris teleius,MZCHU
7955864,Phengaris teleius,MZCHU
7955864,Phengaris teleius,MZCHU
7955864,Phengaris teleius,MZCHU
7187670,Phengaris nausithous,MZCHU
7028548,Phengaris nausithous,MZCHU
8271551,Phengaris nausithous,MZCHU
8241946,Phengaris nausithous,MZCHU
8241946,Phengaris nausithous,MZCHU
8241946,Phengaris teleius,MZCHU
8241946,Phengaris teleius,MZCHU
10654778,Phengaris nausithous,MZCHU
10104065,Phengaris nausithous,MZCHU
10083511,Phengaris nausithous,MZCHU
10083510,Phengaris nausithous,MZCHU
10083509,Phengaris nausithous,MZCHU
10083739,Phengaris nausithous,MZCHU
10083738,Phengaris nausithous,MZCHU
9628913,Phengaris nausithous,MZCHU
9387767,Phengaris nausithous,MZCHU
9387766,Phengaris nausithous,MZCHU
9356570,Phengaris nausithous,MZCHU
8642908,Phengaris nausithous,MZCHU
8615152,Phengaris nausithous,MZCHU
8190701,Phengaris nausithous,MZCHU
8106107,Phengaris nausithous,MZCHU
8106104,Phengaris nausithous,MZCHU
7537604,Phengaris nausithous,MZCHU
7537599,Phengaris nausithous,MZCHU
7537596,Phengaris nausithous,MZCHU
7535569,Phengaris nausithous,MZCHU
7535568,Phengaris nausithous,MZCHU
7187346,Phengaris nausithous,MZCHU
8739094,Phengaris nausithous,MZCHU
7187716,Phengaris nausithous,MZCHU
7187715,Phengaris nausithous,MZCHU
10059040,Phengaris teleius,MZCHU
7298445,Phengaris nausithous,MZCHU
8956761,Phengaris nausithous,MZCHU
7775093,Phengaris nausithous,MZCHU
7775093,Phengaris nausithous,MZCHU
7775093,Phengaris teleius,MZCHU
7775093,Phengaris teleius,MZCHU
9679807,Phengaris nausithous,MZCHU
8956573,Phengaris nausithous,MZCHU
9679760,Phengaris nausithous,MZCHU
8637223,Phengaris nausithous,MZCHU
8574498,Phengaris nausithous,MZCHU
8574498,Phengaris nausithous,MZCHU
8574497,Phengaris nausithous,MZCHU
8121640,Phengaris nausithous,MZCHU
8121639,Phengaris nausithous,MZCHU
8574555,Phengaris nausithous,MZCHU
8574621,Phengaris nausithous,MZCHU
8574620,Phengaris nausithous,MZCHU
7774960,Phengaris nausithous,MZCHU
7774960,Phengaris nausithous,MZCHU
7774960,Phengaris teleius,MZCHU
7774960,Phengaris teleius,MZCHU
10238648,Phengaris nausithous,MZCHU
10238629,Phengaris nausithous,MZCHU
10238617,Phengaris nausithous,MZCHU
10238611,Phengaris nausithous,MZCHU
10238613,Phengaris nausithous,MZCHU
10238615,Phengaris nausithous,MZCHU
10238609,Phengaris nausithous,MZCHU
10238609,Phengaris nausithous,MZCHU
10083611,Phengaris nausithous,MZCHU
8089981,Phengaris nausithous,MZCHU
8089980,Phengaris nausithous,MZCHU
8089980,Phengaris nausithous,MZCHU
10238609,Phengaris teleius,MZCHU
10238609,Phengaris teleius,MZCHU
8089980,Phengaris teleius,MZCHU
8089980,Phengaris teleius,MZCHU
9001097,Phengaris nausithous,MZCHU
9001097,Phengaris nausithous,MZCHU
8620639,Phengaris nausithous,MZCHU
8620639,Phengaris nausithous,MZCHU
8319051,Phengaris nausithous,MZCHU
8319051,Phengaris nausithous,MZCHU
9601118,Phengaris teleius,MZCHU
8620639,Phengaris teleius,MZCHU
8620639,Phengaris teleius,MZCHU
8319051,Phengaris teleius,MZCHU
8319051,Phengaris teleius,MZCHU
7774853,Phengaris nausithous,MZCHU
7774853,Phengaris nausithous,MZCHU
10223487,Phengaris teleius,MZCHU
8655397,Phengaris teleius,MZCHU
7774853,Phengaris teleius,MZCHU
7774853,Phengaris teleius,MZCHU
9305853,Phengaris nausithous,MZCHU
9305853,Phengaris nausithous,MZCHU
9305853,Phengaris nausithous,MZCHU
9305853,Phengaris nausithous,MZCHU
8772676,Phengaris nausithous,MZCHU
8772676,Phengaris nausithous,MZCHU
8772676,Phengaris nausithous,MZCHU
8772676,Phengaris nausithous,MZCHU
8620646,Phengaris nausithous,MZCHU
8620646,Phengaris nausithous,MZCHU
8236029,Phengaris nausithous,MZCHU
8236029,Phengaris nausithous,MZCHU
9305853,Phengaris teleius,MZCHU
9305853,Phengaris teleius,MZCHU
9305853,Phengaris teleius,MZCHU
9305853,Phengaris teleius,MZCHU
8772676,Phengaris teleius,MZCHU
8772676,Phengaris teleius,MZCHU
8772676,Phengaris teleius,MZCHU
8772676,Phengaris teleius,MZCHU
8620646,Phengaris teleius,MZCHU
8620646,Phengaris teleius,MZCHU
8236029,Phengaris teleius,MZCHU
8236029,Phengaris teleius,MZCHU
9527219,Phengaris nausithous,MZCHU
9527219,Phengaris nausithous,MZCHU
9527217,Phengaris nausithous,MZCHU
9527217,Phengaris nausithous,MZCHU
9527217,Phengaris nausithous,MZCHU
9527217,Phengaris nausithous,MZCHU
9527219,Phengaris nausithous,MZCHU
9527219,Phengaris nausithous,MZCHU
9527229,Phengaris nausithous,MZCHU
9527229,Phengaris nausithous,MZCHU
9527229,Phengaris nausithous,MZCHU
9527229,Phengaris nausithous,MZCHU
10242663,Phengaris teleius,MZCHU
9527219,Phengaris teleius,MZCHU
9527219,Phengaris teleius,MZCHU
9527217,Phengaris teleius,MZCHU
9527217,Phengaris teleius,MZCHU
9527217,Phengaris teleius,MZCHU
9527217,Phengaris teleius,MZCHU
9527219,Phengaris teleius,MZCHU
9527219,Phengaris teleius,MZCHU
9527210,Phengaris teleius,MZCHU
9527206,Phengaris teleius,MZCHU
9527206,Phengaris teleius,MZCHU
9527229,Phengaris teleius,MZCHU
9527229,Phengaris teleius,MZCHU
9527229,Phengaris teleius,MZCHU
9527229,Phengaris teleius,MZCHU
7281940,Phengaris nausithous,MZCHU
7774151,Phengaris nausithous,MZCHU
7774151,Phengaris nausithous,MZCHU
7774151,Phengaris teleius,MZCHU
7774151,Phengaris teleius,MZCHU
7774138,Phengaris teleius,MZCHU
7774117,Phengaris teleius,MZCHU
7392732,Phengaris teleius,MZCHU
10164527,Phengaris teleius,MZCHU
10661701,Phengaris nausithous,MZCHU
10661701,Phengaris nausithous,MZCHU
8998038,Phengaris nausithous,MZCHU
8998038,Phengaris nausithous,MZCHU
8998038,Phengaris teleius,MZCHU
8998038,Phengaris teleius,MZCHU
9628736,Phengaris nausithous,MZCHU
7187636,Phengaris nausithous,MZCHU
7322896,Phengaris teleius,MZCHU
7547946,Phengaris teleius,MZCHU
7547946,Phengaris teleius,MZCHU
7316880,Phengaris teleius,MZCHU
7774069,Phengaris teleius,MZCHU
8956766,Phengaris nausithous,MZCHU
9619998,Phengaris teleius,MZCHU
7295350,Phengaris nausithous,MZCHU
7295350,Phengaris nausithous,MZCHU
7299880,Phengaris nausithous,MZCHU
7299880,Phengaris nausithous,MZCHU
7187061,Phengaris nausithous,MZCHU
7295350,Phengaris teleius,MZCHU
7295350,Phengaris teleius,MZCHU
7568161,Phengaris nausithous,MZCHU
9381660,Phengaris nausithous,MZCHU
9381605,Phengaris nausithous,MZCHU
9376665,Phengaris nausithous,MZCHU
8574012,Phengaris nausithous,MZCHU
8574010,Phengaris nausithous,MZCHU
8574007,Phengaris nausithous,MZCHU
7774921,Phengaris nausithous,MZCHU
7774921,Phengaris nausithous,MZCHU
7774914,Phengaris nausithous,MZCHU
7774914,Phengaris nausithous,MZCHU
7774914,Phengaris nausithous,MZCHU
7774914,Phengaris nausithous,MZCHU
7774895,Phengaris nausithous,MZCHU
7774895,Phengaris nausithous,MZCHU
8574013,Phengaris teleius,MZCHU
8574011,Phengaris teleius,MZCHU
8574008,Phengaris teleius,MZCHU
7774921,Phengaris teleius,MZCHU
7774921,Phengaris teleius,MZCHU
7774914,Phengaris teleius,MZCHU
7774914,Phengaris teleius,MZCHU
7774914,Phengaris teleius,MZCHU
7774914,Phengaris teleius,MZCHU
7774895,Phengaris teleius,MZCHU
7774895,Phengaris teleius,MZCHU
8787625,Phengaris nausithous,MZCHU
8787625,Phengaris nausithous,MZCHU
8787625,Phengaris nausithous,MZCHU
8787625,Phengaris nausithous,MZCHU
8787619,Phengaris nausithous,MZCHU
8787619,Phengaris nausithous,MZCHU
8787619,Phengaris nausithous,MZCHU
8787619,Phengaris nausithous,MZCHU
8787625,Phengaris teleius,MZCHU
8787625,Phengaris teleius,MZCHU
8787625,Phengaris teleius,MZCHU
8787625,Phengaris teleius,MZCHU
8787619,Phengaris teleius,MZCHU
8787619,Phengaris teleius,MZCHU
8787619,Phengaris teleius,MZCHU
8787619,Phengaris teleius,MZCHU
8787619,Phengaris teleius,MZCHU
8787619,Phengaris teleius,MZCHU
10505883,Phengaris nausithous,MZCHU
10505882,Phengaris nausithous,MZCHU
7187607,Phengaris nausithous,MZCHU
8795096,Phengaris nausithous,MZCHU
8795144,Phengaris nausithous,MZCHU
8953640,Phengaris nausithous,MZCHU
8795019,Phengaris nausithous,MZCHU
8795111,Phengaris nausithous,MZCHU
8795068,Phengaris nausithous,MZCHU
8795045,Phengaris nausithous,MZCHU
8795030,Phengaris nausithous,MZCHU
8574554,Phengaris nausithous,MZCHU
9679857,Phengaris nausithous,MZCHU
9679856,Phengaris nausithous,MZCHU
7775995,Phengaris nausithous,MZCHU
7045124,Phengaris nausithous,MZCHU
9488176,Phengaris nausithous,MZCHU
8998024,Phengaris teleius,MZCHU
8998023,Phengaris teleius,MZCHU
10204738,Phengaris nausithous,MZCHU
8626277,Phengaris teleius,MZCHU
8105744,Phengaris nausithous,MZCHU
9922600,Phengaris nausithous,MZCHU
9628735,Phengaris nausithous,MZCHU
8642943,Phengaris nausithous,MZCHU
9922139,Phengaris teleius,MZCHU
8642925,Phengaris teleius,MZCHU
9363076,Phengaris teleius,MZCHU
1818114,Phengaris teleius,MZCHU
10150538,Phengaris nausithous,MZCHU
10150538,Phengaris nausithous,MZCHU
1817978,Phengaris nausithous,MZCHU
1817978,Phengaris nausithous,MZCHU
1817978,Phengaris nausithous,MZCHU
1817978,Phengaris nausithous,MZCHU
10150538,Phengaris teleius,MZCHU
10150538,Phengaris teleius,MZCHU
8610641,Phengaris teleius,MZCHU
1817978,Phengaris teleius,MZCHU
1817978,Phengaris teleius,MZCHU
1817978,Phengaris teleius,MZCHU
1817978,Phengaris teleius,MZCHU
