"NAZ_LOKAL","roky"
"5848d1",4
"7151a1",4
"5359a1",3
"5848c1",3
"5947a1",3
"5947b1",3
"6073d1",3
"7051c1",3
"7151a2",3
"7151a3",3
"7151a5",3
"7254b1",3
"7254b2",3
"5352c1",2
"5353c1",2
"5359a2",2
"5359d1",2
"5457d1",2
"5459b1",2
"5556a1",2
"5556b1",2
"5848b1",2
"5854a1",2
"5857d2",2
"5857d4",2
"5872a1",2
"5947a2",2
"5947a3",2
"5947c1",2
"5948b1",2
"5948b2",2
"5950c1",2
"5950d1",2
"5950d2",2
"5951b1",2
"5952d1",2
"5970b1",2
"5971a1",2
"6048d",2
"6071c1",2
"6072d1",2
"6072d2",2
"6072d3",2
"6073a1",2
"6073a2",2
"6073c1",2
"6073d2",2
"6073d3",2
"6073d5",2
"6074d1",2
"6075c1",2
"6152a1",2
"6155a1",2
"6155a2",2
"6155a3",2
"6170c1",2
"6170c2",2
"6171d1",2
"6171d2",2
"6171d3",2
"6171d4",2
"6172a1",2
"6172a2",2
"6172a3",2
"6173b1",2
"6173b2",2
"6272d1",2
"6273c1",2
"6274a1",2
"6274a2",2
"6445d01",2
"6445d02",2
"6445d03",2
"6445d04",2
"6445d05",2
"6464d2",2
"6464d3",2
"6466a2",2
"6466c2",2
"6466c3",2
"6474b1",2
"6541b01",2
"6542a01",2
"6542a02",2
"6542a03",2
"6542b01",2
"6545c01",2
"6545c02",2
"6545c03",2
"6545c04",2
"6545c05",2
"6545c06",2
"6564a2",2
"6575a1",2
"6674",2
"6676c1",2
"6872a1",2
"6972d2",2
"7051c16",2
"7051c19",2
"7051c2",2
"7051c20",2
"7051c3",2
"7051c4",2
"7051c5",2
"7051c9",2
"7051d1",2
"7051d2",2
"7051d3",2
"7151a4",2
"7152c1",2
"7152c2",2
"7154a1",2
"7154a2",2
"Arnoldov",2
"Kladruby u Støíbra, pod klášterem",2
"Kladruby u Støíbra, u høištì",2
"Konojedy",2
"Kotvina, pod Šumburkem",2
"Maseèín",2
"PP Farská louka",2
"Suchá",2
"Øeèice",2
"0000 Novı Fojtov, Horní",1
"0000 Novı Fojtov, v zatáèce",1
"01f19bfa-0842-417d-8bcf-51e2ac481392",1
"054ff1da-6c1b-4efb-8a89-a30135b451be",1
"115214f2-ab9f-4cbd-8291-5fdfcb3fe6cf",1
"18780081-5e56-4735-b39c-c3d27d21c107",1
"20b28ca0-c426-45fb-be2b-3a4cb76281ac",1
"31606da4-8d7c-431b-88e6-b4f1a5d551a5",1
"347527a8-4315-44cd-98cd-1873e6c02712",1
"3ec046a0-7f25-44aa-93bf-690f359ebba5",1
"3ef2a1ea-0201-4dac-8ae5-2da98dd2331e",1
"4955b191",1
"4956c191",1
"4956c192",1
"4956d-1",1
"4b210822-ce4a-4323-b451-9ec41463692c",1
"4f55484b-b032-4cb9-9612-14ce87a267a9",1
"5053c1",1
"5053c3",1
"5053c4",1
"5053d1",1
"5055b193",1
"5055b194",1
"5055b195",1
"5056a191",1
"5056a192",1
"5056a193",1
"5056a194",1
"5056a195",1
"5056c191",1
"5056c192",1
"5056c193",1
"5056c195",1
"5056c196",1
"5056d191",1
"5152b1",1
"5152b2",1
"5152b3",1
"5152c1",1
"5153a1",1
"5153a2",1
"5153b1",1
"5153d191",1
"5153d192",1
"5153d193",1
"5154b191",1
"5154c191",1
"5154c192",1
"5154c193",1
"5154c194",1
"5154c196",1
"5154c197",1
"5154c198",1
"5154c199",1
"5154d191",1
"5154d192",1
"5154d194",1
"5155a191",1
"5155a192",1
"5155a193",1
"5155b191",1
"5155b192",1
"5155b193",1
"5155c191",1
"5155c192",1
"5155c193",1
"5155c194",1
"5155d191",1
"5155d192",1
"5155d193",1
"5155d194",1
"5155d197",1
"5156a1",1
"5156a999",1
"5156c1",1
"5156c2",1
"5156c3",1
"5156c4",1
"5156c5",1
"5156c6",1
"5156c7",1
"5156c8",1
"5156d1",1
"51f6bf90-8bef-49ec-9b34-43cd7f49c8e8",1
"5250a2",1
"5250a4",1
"5250a9",1
"5250b14",1
"5250b16",1
"5250b18",1
"5250b2",1
"5250b24",1
"5251a1",1
"5251a2",1
"5252d201",1
"5252d202",1
"5252d203",1
"5252d204",1
"5253a191",1
"5253a192",1
"5253a193",1
"5253a194",1
"5253b191",1
"5253b192",1
"5253b194",1
"5253b195",1
"5253c191",1
"5253c192",1
"5253c193",1
"5253d191",1
"5253d192",1
"5253d193",1
"5253d195",1
"5254a191",1
"5254a192",1
"5254a195",1
"5254a196",1
"5254a197",1
"5254b191",1
"5254b192",1
"5254b193",1
"5254b199",1
"5254c1910",1
"5254c1911",1
"5254c1912",1
"5254c1913",1
"5254c192",1
"5254c193",1
"5254c194",1
"5254c195",1
"5254c196",1
"5254c291",1
"5254d191",1
"5254d193",1
"5254d194",1
"5254d195",1
"5255a191",1
"5255a192",1
"5255a194",1
"5255b193",1
"5255b194",1
"5255c191",1
"5255c192",1
"5255c193",1
"5255d191",1
"5255d192",1
"5255d193",1
"5255db91",1
"5256a1",1
"5256b1",1
"5256b2",1
"5256c1",1
"5256d",1
"5256d1",1
"5257c01",1
"5257c02",1
"5257c1",1
"5258c1",1
"5258d1",1
"5258d2",1
"5258d3",1
"5258d4",1
"5259d71",1
"5348",1
"5348a12",1
"5348a13",1
"5348b10",1
"5348c11",1
"5348c14",1
"5349a1",1
"5349a2",1
"5349a4",1
"5349a5",1
"5349a6",1
"5349a7",1
"5349a8",1
"5349a9",1
"5352b201",1
"5352b202",1
"5352b203",1
"5352b204",1
"5352d2",1
"5353a1",1
"5353b1",1
"5353d1",1
"5353d2",1
"5353d3",1
"5354a191",1
"5354a192",1
"5354a193",1
"5354a199",1
"5354b191",1
"5354c1",1
"5354c191",1
"5354c2",1
"5354c3",1
"5354d1",1
"5354d2",1
"5355a191",1
"5355a192",1
"5355a193",1
"5355b1",1
"5355b3",1
"5355c191",1
"5355d1 - Vystrkov",1
"5355d2 - Lesnov",1
"5355d3 - Lesnovek",1
"5355d5 - Všelibice",1
"5355d6 - Libíè",1
"5355d8 - Bohumileè",1
"5356d1",1
"5357a1",1
"5357a2",1
"5357d1",1
"5358a1",1
"5358b1",1
"5358c1",1
"5358d1",1
"5359a4",1
"5360c4",1
"5360c5",1
"5361a1",1
"5361a2",1
"5361a3",1
"5361a4",1
"5361a5",1
"5361c1",1
"5361c2",1
"5361c3",1
"5453a1",1
"5453a2",1
"5453b1",1
"5453b2",1
"5453c1",1
"5453c4",1
"5453d3",1
"5453d5",1
"5453d6",1
"5453d7",1
"5454a1",1
"5454a2",1
"5454a3",1
"5454a4",1
"5454c1",1
"5454c3",1
"5454c5",1
"5455a1",1
"5455b1",1
"5455b2",1
"5455c1",1
"5455c2",1
"5455d1",1
"5455d2",1
"5456c2",1
"5456c6",1
"5456d1",1
"5456d2",1
"5456d3",1
"5456d4",1
"5457a1",1
"5457a2",1
"5457a3",1
"5457b1",1
"5457b2",1
"5457b3",1
"5457c1",1
"5457c2",1
"5457c3",1
"5458a1",1
"5458a2",1
"5458a3",1
"5458a4",1
"5458b1",1
"5458b2",1
"5458b3",1
"5458b4",1
"5458b5",1
"5458b6",1
"5458b7",1
"5458c1",1
"5458c2",1
"5458c3",1
"5458d1",1
"5458d2",1
"5458d3",1
"5458d4",1
"5458d5",1
"5459a1",1
"5459a2",1
"5459a3",1
"5459a4",1
"5459a5",1
"5459c1",1
"5459c2",1
"5459c3",1
"5459c4",1
"5459c5",1
"5459d1",1
"5552d1",1
"5552d2",1
"5553b1",1
"5554a1",1
"5554a2",1
"5554a3",1
"5554d1",1
"5554d2",1
"5555b1",1
"5555b2",1
"5555b3",1
"5555b5",1
"5555b6",1
"5555b7",1
"5555b8",1
"5555b9",1
"5555c1",1
"5555c2",1
"5555c4",1
"5556a2",1
"5556a3",1
"5556a4",1
"5556b2",1
"5556b3",1
"5556c1",1
"5556c2",1
"5556c3",1
"5556d1",1
"5556d2",1
"5556d3",1
"5557a1",1
"5557a2",1
"5557b1",1
"5557d1",1
"5557d2",1
"5558b1",1
"5558b2",1
"5558b3",1
"5558c1",1
"5558c4",1
"5558c5",1
"5641d1 Šindelová",1
"5642c1 Nejdek",1
"5642c2 Nejdek-Tisová, nad nádraím",1
"5642c3 Lesík",1
"5642d1 Novı Fojtov, u Lucky",1
"5642d2 Novı Fojtov, v zatáèce",1
"5644c1 Damice, kosená louka S od obce",1
"5644c2 Damice, nekosená louka S od obce",1
"5644c3 Strá nad Ohøí, u eleznièního mostu",1
"5644c4 Damice, u Plavenského potoka",1
"5644c5 Vojkovice, nad nádraím",1
"5644c6",1
"5644c7",1
"5644c8",1
"5644c9",1
"5644d1 Doupov, nad Tunkovem",1
"5644d2 Doupov, pod Malou Jehliènou",1
"5644d3 Doupov, Vysoká, prameny Kozlovského potoka",1
"5651b1",1
"5652d1",1
"5652d1 + 5752b3",1
"5652d2",1
"5652d3",1
"5653c1",1
"5653d1",1
"5656b1",1
"5656b2",1
"5656b4",1
"5656b6",1
"5669a",1
"5669a2",1
"5669d1",1
"5740b1 Valtéøov",1
"5740b2 Luby",1
"5740b3 Èerná",1
"5741a1 Mlınská",1
"5741a1 Rotava, pod nádraím",1
"5741a2 Oloví",1
"5741c1 Krajková",1
"5741c2 Anenská Ves",1
"5741c3 Dolina u Krajkové",1
"5742a1 Spomyšl 1",1
"5742a2 Spomyšl 2",1
"5742a3 Spomyšl 3",1
"5742d1 Poèerny 1",1
"5742d2 Poèerny 2",1
"5742d3 Poèerny 3, louka u šachy Ilse",1
"5742d4 Poèerny 4",1
"5742d5 Poèerny5",1
"5743b1",1
"5743b1 Ostrov nad Ohøí",1
"5743b10",1
"5743b11",1
"5743b13",1
"5743b2",1
"5743b3",1
"5743b4",1
"5743b5",1
"5743b6",1
"5743b7",1
"5743b8",1
"5743b9",1
"5743d1 Andìlská Hora, u cesty k Šemnici",1
"5743d2 Andìlská Hora, nad rybníkem",1
"5743d3 Andìlská Hora, pod rybníkem",1
"5743d4 Andìlská Hora, pluiny",1
"5744a2 Doupov, Horní Lomnice",1
"5744a3 Svatobor",1
"5744a3 Velichov",1
"5744b1 Doupov, Jalovı Dvùr",1
"5744b2 Doupov, u Hlubocké pily",1
"5744b3 Doupov, Oleška",1
"5744b4 Doupov, u Luního potoka I",1
"5744b5 Doupov u Luního potoka II",1
"5744b6 Doupov, Øednice, pod Višòovkou u potoka Libá",1
"5744c1 Doupov, pod Vìtrovcem",1
"5744c2 Èinov, U Borovic",1
"5744d1 Doupov, Øednice",1
"5744d10 Doupov, u Øednice",1
"5744d2 Doupov, nad Tišinou",1
"5744d3 Doupov, Tišina - západ",1
"5744d4 Doupov, Tišina - vıchod",1
"5744d5 Doupov, prameny Malé Trasovky",1
"5744d6 Doupov, Za Tonkou",1
"5744d7 Doupov, pod Novım rybníkem",1
"5744d8 Doupov, Velka Trasovka, sever",1
"5744d9 Doupov, západnì od Velké Trasovky",1
"5745b1 PR Sedlec - vıchod",1
"5745c2 Doupov, Mìtikalov",1
"5745c3 Doupov, Jeseò - u kruštíkù",1
"5745c4 Doupov, Mìtikalov - pod hoøci",1
"5745c5 Doupov, Jeseò, nad rybníkem",1
"5745c6 Doupov, Jeseò, louka s kruštíky",1
"5745d1 Chmelištná, pod Podhájskım rybníkem",1
"5745d2 Doupov, Nová Ves",1
"5745d3 Doupov, Nová Ves, ke Køeèovu",1
"5749c2",1
"5752b1",1
"5752b2",1
"5753a1",1
"5753b1 + 5753d1",1
"5753b2",1
"5753c1",1
"5753c2",1
"5753d2",1
"5754d1",1
"5754d2",1
"5755a1",1
"5755a2",1
"5755a3",1
"5755c1",1
"5755c2",1
"5757c1",1
"5758c2",1
"5758c3",1
"5758c4",1
"5758c5",1
"5758c7",1
"5768d1",1
"5769b1",1
"5770b1",1
"5770b2",1
"5770b3",1
"5770d1",1
"5770d2",1
"5771a1",1
"5771a2",1
"5771a3",1
"5771b1",1
"5771b2",1
"5771b3",1
"5771c1",1
"5771c2",1
"5771c3",1
"5771d1",1
"5772c1",1
"5772c2",1
"5772d3",1
"5841c1",1
"5843b1Andìlská Hora, louky JV od kaple",1
"5843b2 almanov, pod silnicí",1
"5843b3 almanov, niva pøítoku Dubinského potoka",1
"5843b4 Andìlská Hora, pøíkop J od kaple",1
"5844a1 Braecké hliòáky",1
"5844a10 Braec, u Zeleného rybníka, sever",1
"5844a11 Doupov, Dlouhá, u pomníku",1
"5844a12 Doupov, Dlouhá, pøíkop",1
"5844a13 Doupov, Braec, u cesty",1
"5844a14 Doupov, Braec, u Zeleného rybníka JV",1
"5844a2 Bochov u trati, vıchod",1
"5844a3 Bochov u trati, západ",1
"5844a4 Horní Tašovice, krvavcová louka",1
"5844a5 Horní Tašovice, v zatáèce",1
"5844a6 Èinov, louka na jiním okraji vsi",1
"5844a7 Dolní Valov, pod Valovskım vrchem",1
"5844a8 Braec, u Zeleného rybníka, západ",1
"5844a9 Braec, u Zeleného rybníka, západnì od cesty",1
"5844b1 Doupov, pod Tonkou",1
"5844b10 Doupov, Mokøady u Tìšetic",1
"5844b2 Doupov, u Albeøického potoka",1
"5844b3 Doupov, Radošov",1
"5844b4 Doupov, Bøezina",1
"5844b5 Doupov, Javorná",1
"5844b6 Doupov, Holetice, u Albeøického potoka",1
"5844b7 Doupov, Velká Trasovka, jih",1
"5844b8 Tìšetice, pastvina u potoka",1
"5844b9 Tìšetice, u trati",1
"5844d1_Vahaneè",1
"5845a1 Doupov, Malı Hlavákov",1
"5845a2 Doupov, Lochotín",1
"5845a3 Doupov, Jeseò, za rybníkem",1
"5845a4 Albeøické rybníky",1
"5845a5 Albeøice, u cesty",1
"5845a6 Doupov, Jeseò, kosené louky JZ od rybníka",1
"5845a7 Doupov, Kopáèov",1
"5845b1 PP Vrbina u Nové Vsi",1
"5845b2 Doupov, Oøkovské louky",1
"5845c1 Bošov, okraj kosené louky",1
"5845c2 Bošov, u vyschlého rybníka",1
"5845c3 Skøípová",1
"5845d1",1
"5845d2",1
"5846a2",1
"5846c1",1
"5846c2",1
"5846c3",1
"5846d1",1
"5847b1",1
"5847b2",1
"5847c1",1
"5847c2",1
"5847d1",1
"5848a",1
"5848a1",1
"5848a2",1
"5848b",1
"5848c",1
"5848c2",1
"5848c3",1
"5848c5",1
"5848c6",1
"5848c7",1
"5848d",1
"5848d2",1
"5849a1",1
"5849a11",1
"5849a2",1
"5849a3",1
"5849a4",1
"5849a5",1
"5849a8",1
"5849a9",1
"5849b6",1
"5849b7",1
"5849c2",1
"5849c3",1
"5849c4",1
"5849d1",1
"5849d4",1
"5850a1",1
"5850c",1
"5850c1",1
"5850c2",1
"5850c3",1
"5850c4",1
"5850c5",1
"5850c6",1
"5851c2",1
"5851c3",1
"5851c6",1
"5853",1
"5853d1",1
"5854a2",1
"5854a3",1
"5854a4",1
"5854b1",1
"5854b2",1
"5854c3",1
"5855b1",1
"5855b3",1
"5855b4",1
"5855b5",1
"5855d1",1
"5855d4",1
"5855d5",1
"5856d1",1
"5856d2",1
"5856d3",1
"5857b1",1
"5857b2",1
"5857c1",1
"5857c2",1
"5857d1",1
"5857d3",1
"5866c1",1
"5866c2",1
"5866c3",1
"5866c4",1
"5866c5",1
"5867c1",1
"5867c2",1
"5867c3",1
"5867c4",1
"5868a",1
"5870b1",1
"5870b2",1
"5870c1",1
"5870c2",1
"5870d1",1
"5870d2",1
"5871a1",1
"5871a2",1
"5871a3",1
"5871a4",1
"5871a5",1
"5871b1",1
"5871b2",1
"5871c1",1
"5871c2",1
"5871c3",1
"5871c4",1
"5871d1",1
"5872a2",1
"5872a3",1
"5942a Èistá, U Bunkru",1
"5942a3 Upolínová louka pod Køíky",1
"5942b2 PR Rašeliništì u myslivny",1
"5943b1",1
"5943c1",1
"5943d1",1
"5943d2",1
"5946a1",1
"5946a2",1
"5946b1",1
"5946b2",1
"5946b3",1
"5946b4",1
"5946b5",1
"5946c1",1
"5946c2",1
"5946c3",1
"5946d1",1
"5946d2",1
"5947a4",1
"5947a5",1
"5947b2",1
"5947b3",1
"5947b4",1
"5947c2",1
"5947c3",1
"5947c4",1
"5947c5",1
"5947c6",1
"5947c7",1
"5947c8",1
"5947d1",1
"5947d2",1
"5947d3",1
"5947d4",1
"5947d5",1
"5947d7",1
"5948a1",1
"5948a2",1
"5948a3",1
"5948b3",1
"5948c1",1
"5948c2",1
"5948c3",1
"5948c4",1
"5948c7",1
"5948c8",1
"5948d1",1
"5949a1",1
"5949b1",1
"5949b2",1
"5949b3",1
"5949c1",1
"5949c2",1
"5949c3",1
"5949d1",1
"5949d2",1
"5950a2",1
"5950a3",1
"5950b1",1
"5950d3",1
"5951a",1
"5951b3",1
"5951c1",1
"5951c2",1
"5951d1",1
"5951d2",1
"5952a1",1
"5952d2",1
"5953a1",1
"5953a2",1
"5953a3",1
"5953a4",1
"5953a5",1
"5953b1",1
"5953c",1
"5953d1",1
"5954a2",1
"5954a3",1
"5954c1",1
"5954c2",1
"5954c3",1
"5954c4",1
"5954d1",1
"5954d2",1
"5954d3",1
"5957a1",1
"5957a2",1
"5957a4",1
"5960a1",1
"5966779f-e2bd-4a6c-b65e-f51153fc89d1",1
"5970b2",1
"5970c1",1
"5971a2",1
"5971a3",1
"5971c1",1
"5971c2",1
"5971d1",1
"5971d2",1
"5971d3",1
"5971d4",1
"5972b2",1
"5972c1",1
"5972c2",1
"5972c3",1
"5972d1",1
"5972d2",1
"5974c1",1
"5974c4",1
"6041b1 Klimentov",1
"6042a1 Velká Hleïsebe",1
"6042c1 Mar. Láznì, Vysoká Pec",1
"6042c2 Mar. Láznì, Stavební Dvùr",1
"6043a1",1
"6048b",1
"6048b1",1
"6049a",1
"6049b1",1
"6049d1",1
"6050c",1
"6051b",1
"6052b1",1
"6052b2",1
"6052c1",1
"6052c2",1
"6052d1",1
"6053a1",1
"6053b1",1
"6053c1",1
"6053d1",1
"6053d2",1
"6053d3",1
"6054a1",1
"6054a2",1
"6054b1",1
"6054c1",1
"6054c2",1
"6054d1",1
"6054d2",1
"6054d3",1
"6055a1",1
"6055a2",1
"6055c1",1
"6055c2",1
"6055c3",1
"6055c4",1
"6055c5",1
"6056",1
"6057c1",1
"6057c2",1
"6057c3",1
"6057c4",1
"6057c5",1
"6057c6",1
"6057d1",1
"6057d2",1
"6058b1",1
"6059a2",1
"6059a3",1
"6059b1",1
"6059c1",1
"6059d",1
"6059d1",1
"6060a1",1
"6060b1",1
"6060c2",1
"6060d",1
"6060d1",1
"6060d2",1
"6069d1",1
"6070a1",1
"6070c4",1
"6070d3",1
"6071a1",1
"6071a2",1
"6071a3",1
"6071a4",1
"6071a5",1
"6071a6",1
"6071b1",1
"6071b2",1
"6071c2",1
"6071c3",1
"6071d1",1
"6071d2",1
"6071d3",1
"6072b1",1
"6072c1",1
"6072c2",1
"6073a3",1
"6073a4",1
"6073a5",1
"6073a6",1
"6073c2",1
"6073c3",1
"6073c4",1
"6073d4",1
"6074c1",1
"6074c2",1
"6074d5",1
"6075c2",1
"6146a01",1
"6146a02",1
"6146b01",1
"6146b02",1
"6146b03",1
"6146b04",1
"6146b05",1
"6146b06",1
"6146b07",1
"6146c01",1
"6146c02",1
"6146c03",1
"6146c04",1
"6146c05",1
"6146c06",1
"6146c07",1
"6146c08",1
"6146c09",1
"6146c10",1
"6146c11",1
"6146d01",1
"6146d02",1
"6146d03",1
"6146d04",1
"6146d05",1
"6147a01",1
"6147c02",1
"6147c03",1
"6147c04",1
"6147c05",1
"6147c06",1
"6147c07",1
"6148a01",1
"6148a02",1
"6148a03",1
"6148a04",1
"6148a05",1
"6148a06",1
"6148a07",1
"6148a08",1
"6148b01",1
"6148b02",1
"6148b03",1
"6148b04",1
"6148b05",1
"6148b06",1
"6148b07",1
"6148b08",1
"6148b09",1
"6148c01",1
"6148c02",1
"6148c03",1
"6148c04",1
"6148c05",1
"6148c06",1
"6148c07",1
"6148c08",1
"6148d01",1
"6148d02",1
"6148d03",1
"6148d04",1
"6148d05",1
"6148d06",1
"6148d07",1
"6148d08",1
"6148d09",1
"6148d10",1
"6148d11",1
"6148d12",1
"6148d13",1
"6148d14",1
"6148d15",1
"6148d16",1
"6148d17",1
"6148d18",1
"6148d19",1
"6148d20",1
"6149a01",1
"6149a02",1
"6149a03",1
"6149a04",1
"6149a05",1
"6149a06",1
"6149a07",1
"6149a08",1
"6149a09",1
"6149a10",1
"6149a11",1
"6149d1",1
"6149d2",1
"6149d3",1
"6149d4",1
"6149d5",1
"6150b",1
"6151a1",1
"6151a2",1
"6151a3",1
"6151a4",1
"6151a5",1
"6151a6",1
"6151b1",1
"6151b2",1
"6151b3",1
"6151b4",1
"6151c",1
"6152b1",1
"6152b2",1
"6153a1",1
"6153a2",1
"6153b1",1
"6153b2",1
"6153d3",1
"6154a1",1
"6154a2",1
"6154b1",1
"6154b2",1
"6154b3",1
"6155a4",1
"6155a5",1
"6155b",1
"6155b1",1
"6155b2",1
"6155b3",1
"6155c1",1
"6155c4",1
"6155c5",1
"6155d1",1
"6155d2",1
"6155d3",1
"6155d4",1
"6156b1",1
"6156c1",1
"6156c3",1
"6156d1",1
"6157a1",1
"6157a2",1
"6157a3",1
"6157a4",1
"6157a5",1
"6157a6",1
"6157b1",1
"6157b2",1
"6157b3",1
"6157b4",1
"6157c1",1
"6157c2",1
"6157c3",1
"6157c4",1
"6157d1",1
"6157d2",1
"6157d3",1
"6157d4",1
"6157d5",1
"6157d6",1
"6157d7",1
"6157d8",1
"6159b",1
"6159d",1
"6160a",1
"6160d",1
"6161a",1
"6161c",1
"6167b1",1
"6167b2",1
"6167d1",1
"6170b1",1
"6170b2",1
"6170b3",1
"6170b4",1
"6170c3",1
"6170c4",1
"6170d1",1
"6170d2",1
"6170d320",1
"6170d4",1
"6170d5",1
"6171a1",1
"6171a2",1
"6171c3",1
"6171c4",1
"6172a4",1
"6172a5",1
"6172a6",1
"6172b1",1
"6172b2",1
"6172b3",1
"6172b4",1
"6172c1",1
"6172c2",1
"6172c3",1
"6172c4",1
"6172d1",1
"6172d2",1
"6173a1",1
"6173a2",1
"6173a3",1
"6173a4",1
"6173b3",1
"6173c1",1
"6173d1",1
"6173d2",1
"6174a1",1
"6174a2",1
"6174c1",1
"6174c3",1
"6174d1",1
"6174d2",1
"6175b1",1
"6175b2",1
"6175b3",1
"6175b4",1
"6175c",1
"6175c1",1
"6175c2",1
"6175c3",1
"6175c4",1
"6175c5",1
"6175c6",1
"6175c7",1
"6175c8",1
"6175c9",1
"6243d01",1
"6243d02",1
"6243d03",1
"6243d04",1
"6243d05",1
"6244b01",1
"6244b02",1
"6244b03",1
"6244b04",1
"6244b05",1
"6244b06",1
"6244d01",1
"6244d02",1
"6244d03",1
"6244d04",1
"6244d05",1
"6244d06",1
"6244d07",1
"6244d08",1
"6244d09",1
"6244d10",1
"6244d11",1
"6244d12",1
"6245a01",1
"6245a02",1
"6245a03",1
"6245a04",1
"6245a05",1
"6245a06",1
"6245a07",1
"6245a08",1
"6245a09",1
"6245a10",1
"6245a11",1
"6245a12",1
"6245a13",1
"6245a14",1
"6245a15",1
"6246b01",1
"6247a01",1
"6247a02",1
"6247a03",1
"6247a04",1
"6247a05",1
"6247a06",1
"6247a07",1
"6247a08",1
"6247a09",1
"6247a10",1
"6247a11",1
"6247a12",1
"6247b01",1
"6247b02",1
"6247b03",1
"6247b04",1
"6247c01",1
"6247c02",1
"6247c03",1
"6247c04",1
"6247c05",1
"6247c06",1
"6247c07",1
"6247c08",1
"6247c09",1
"6247c10",1
"6247c11",1
"6247c12",1
"6247c13",1
"6247c14",1
"6247c15",1
"6247c16",1
"6250d",1
"6254a1",1
"6254a2",1
"6254a3",1
"6254a6",1
"6254b1",1
"6254b2",1
"6254b3",1
"6254b4",1
"6254c1",1
"6254c2",1
"6254d1",1
"6254d3",1
"6254d4",1
"6255b1",1
"6255b4",1
"6255b5",1
"6255b6",1
"6257a1",1
"6257a2",1
"6257a3",1
"6257a4",1
"6257a5",1
"6257a6",1
"6257b1",1
"6257b2",1
"6257b3",1
"6257b4",1
"6257b5",1
"6257b6",1
"6257c1",1
"6257c2",1
"6257c3",1
"6257c4",1
"6257c5",1
"6257d-26",1
"6257d-27",1
"6257d-28",1
"6257d-29",1
"6257d-30",1
"6260a",1
"6260c",1
"6261d1",1
"6261d2",1
"6264a1",1
"6264a2",1
"6264a3",1
"6264a4",1
"6264b1",1
"6264b2",1
"6264c1",1
"6264c2",1
"6264c3",1
"6264d1",1
"6264d2",1
"6265a2",1
"6265a3",1
"6265a4",1
"6265b",1
"6265b1",1
"6265b2",1
"6265b3",1
"6265c",1
"6266a1",1
"6266a2",1
"6266c1",1
"6267b1",1
"6267b2",1
"6267b3",1
"6267d1",1
"6268c1",1
"6268d1",1
"6269c1",1
"6269c2",1
"6269d1",1
"6269d2",1
"6269d3",1
"6270a1",1
"6270a2",1
"6270a3",1
"6270a4",1
"6270a5",1
"6270a6",1
"6270a7",1
"6270b1",1
"6270b3",1
"6270b4",1
"6270b5",1
"6270b6",1
"6270c1",1
"6270c2",1
"6270c3",1
"6270c5",1
"6270d1",1
"6271b1",1
"6271b2",1
"6271b3",1
"6271b4",1
"6272a1",1
"6272a2",1
"6272a3",1
"6272a4",1
"6272b1",1
"6272b2",1
"6272c1",1
"6272c2",1
"6272c3",1
"6272c4",1
"6272c5",1
"6272c6",1
"6272c7",1
"6272d2",1
"6273a1",1
"6273b1",1
"6273c2",1
"6273c3",1
"6273c4",1
"6273c5",1
"6274a3",1
"6274c1",1
"6274c2",1
"6274c3",1
"6276a",1
"6347c",1
"6347d",1
"6348c1",1
"6348c2",1
"6348d1",1
"6349b1",1
"6349c1",1
"6349c2",1
"6349c3",1
"6349c4",1
"6350b1",1
"6350b2",1
"6350b3",1
"6350b4",1
"6350c",1
"6350d1",1
"6350d2",1
"6350d3",1
"6350d4",1
"6351a2",1
"6351a3",1
"6351d1",1
"6351d2",1
"6351d3",1
"6351d4",1
"6351d5",1
"6352a1",1
"6352a2",1
"6352a3",1
"6352c1",1
"6352d1",1
"6354b1",1
"6354b3-Oles",1
"6356a2",1
"6356a3",1
"6356a4",1
"6356a5",1
"6356b1",1
"6356b2",1
"6356b3",1
"6356b4",1
"6356b5",1
"6356c3",1
"6356c4",1
"6356d1",1
"6356d3",1
"6356d4",1
"6357a1",1
"6357a2",1
"6357a3",1
"6357a4",1
"6357a5",1
"6357b-07",1
"6357b-08",1
"6357b-09",1
"6357b-10",1
"6357c2",1
"6357c3",1
"6357c5",1
"6357d1",1
"6357d2",1
"6357d3",1
"6357d4",1
"6357d5",1
"6358a-01",1
"6358a-02",1
"6358a-03",1
"6358a-04",1
"6358a-05",1
"6358b-06",1
"6358b-23",1
"6358b-24",1
"6358c-11",1
"6358c-11A",1
"6358c-12",1
"6358c-13",1
"6358c-15",1
"6358d-16",1
"6358d-17",1
"6358d-18",1
"6358d-19",1
"6358d-20",1
"6359a",1
"6360c",1
"6362d1",1
"6363c1",1
"6365a1",1
"6365a2",1
"6365a3",1
"6365a4",1
"6365a5",1
"6365a6",1
"6365a7",1
"6365b1",1
"6365b2",1
"6365b3",1
"6365b4",1
"6365b5",1
"6365d1-Korb.Lh.",1
"6366c1-Jevic",1
"6366c2-V.Opat",1
"6368a1",1
"6368b1",1
"6369a1",1
"6369c1",1
"6369c2",1
"6370b2",1
"6370b3",1
"6370c1",1
"6370d1",1
"6371d1",1
"6371d2",1
"6371d3",1
"6372a1",1
"6372a2",1
"6372a3",1
"6372a4",1
"6372b1",1
"6372b2",1
"6372b3",1
"6372b4",1
"6372d1",1
"6372d2",1
"6372d3",1
"6372d4",1
"6373a1",1
"6373a2",1
"6373a3",1
"6373a4",1
"6373a5",1
"6373a6",1
"6442c02",1
"6442c03",1
"6442c04",1
"6442c06",1
"6442c07",1
"6442c08",1
"6442c09",1
"6442c11",1
"6442c12",1
"6442c13",1
"6442c14",1
"6442c15",1
"6443b1",1
"6443b2",1
"6443b3",1
"6443b4",1
"6443b5",1
"6443c1",1
"6443c2",1
"6443c3",1
"6443c5",1
"6444a01",1
"6444a02",1
"6444a03",1
"6444a04",1
"6444a05",1
"6444a06",1
"6444a07",1
"6444a08",1
"6444a09",1
"6444a10",1
"6444a11",1
"6444a12",1
"6444a13",1
"6444a14",1
"6444a15",1
"6444a16",1
"6444a17",1
"6444b01",1
"6444b02",1
"6444b03",1
"6444b04",1
"6444b05",1
"6444b06",1
"6444b07",1
"6444d01",1
"6444d02",1
"6444d03",1
"6444d04",1
"6444d05",1
"6444d06",1
"6444d07",1
"6444d08",1
"6444d09",1
"6444d10",1
"6444d11",1
"6444d12",1
"6444d13",1
"6445a01",1
"6445a02",1
"6445a03",1
"6445a04",1
"6445a05",1
"6445a06",1
"6445a07",1
"6445a08",1
"6445a09",1
"6445a10",1
"6445a11",1
"6445a12",1
"6445a13",1
"6445a14",1
"6445a15",1
"6445b01",1
"6445b02",1
"6445b03",1
"6445b04",1
"6445b05",1
"6445b06",1
"6445b07",1
"6445b08",1
"6445b09",1
"6445b10",1
"6445b11",1
"6445b12",1
"6445b13",1
"6445b14",1
"6445b15",1
"6445b16",1
"6445b17",1
"6445b18",1
"6445b19",1
"6445b20",1
"6445b21",1
"6445b22",1
"6445b23",1
"6445b24",1
"6445b25",1
"6445b26",1
"6445b27",1
"6445b28",1
"6445b29",1
"6445b30",1
"6445b31",1
"6445c01",1
"6445c02",1
"6445c03",1
"6445c04",1
"6445c05",1
"6445c10",1
"6445c6",1
"6445c7",1
"6445c8",1
"6445c9",1
"6445d06",1
"6445d07",1
"6445d08",1
"6445d09",1
"6445d10",1
"6445d11",1
"6445d12",1
"6445d13",1
"6448d2",1
"6449a1",1
"6449a2",1
"6449a3",1
"6449a4",1
"6449a5",1
"6449a6",1
"6449a7",1
"6449a8",1
"6449b1",1
"6449b2",1
"6449b3",1
"6449b4",1
"6449c1",1
"6449c2",1
"6449c3",1
"6449c4",1
"6449c5",1
"6449d1",1
"6449d2",1
"6449d3",1
"6451a2",1
"6451d1",1
"6451d2",1
"6460b",1
"6461b1",1
"6461d1",1
"6462b1",1
"6464b1-Oles",1
"6464b2",1
"6464b2-Oles",1
"6464c",1
"6464c2",1
"6464d",1
"6464d1",1
"6464d5",1
"6465a1",1
"6465c",1
"6465c1",1
"6465c2",1
"6465d1",1
"6466a",1
"6466a1",1
"6466a3",1
"6466b1",1
"6466b2",1
"6466c",1
"6466c1",1
"6466c4",1
"6470d1",1
"6470d2",1
"6470d3",1
"6470d4",1
"6470d5",1
"6471c1",1
"6471d1",1
"6471d2",1
"6472c1",1
"6472c2",1
"6472c3",1
"6472c4",1
"6473b1",1
"6473b2",1
"6473c1",1
"6473c2",1
"6473d1",1
"6473d2",1
"6474a1",1
"6474a2",1
"6474a3",1
"6474d1",1
"6474d2",1
"6475a1",1
"6475a2",1
"6475b1",1
"6475b2",1
"6475c1",1
"6475c2",1
"6475d1",1
"6475d2",1
"6476a1",1
"6476c1",1
"653c4191-16cd-4e92-b2f6-eb48654aeeb4",1
"6541b02",1
"6541b03",1
"6541d01",1
"6542b02",1
"6542b03",1
"6542b04",1
"6542b05",1
"6542b06",1
"6542b07",1
"6542b08",1
"6542b09",1
"6542c01",1
"6542c02",1
"6542c03",1
"6542c04",1
"6542c05",1
"6543a1",1
"6543a3",1
"6543c001",1
"6543c002",1
"6543c003",1
"6543d001",1
"6543d002",1
"6543d1",1
"6543d10",1
"6543d11",1
"6543d2",1
"6543d3",1
"6543d4",1
"6543d5",1
"6543d6",1
"6543d7",1
"6543d8",1
"6543d9",1
"6544b01",1
"6544b02",1
"6544b03",1
"6544b04",1
"6544b05",1
"6544b06",1
"6544b07",1
"6544c1",1
"6544c2",1
"6544c3",1
"6544c4",1
"6544c5",1
"6545a001",1
"6545a002",1
"6545a003",1
"6545a004",1
"6545a01",1
"6545a02",1
"6545a03",1
"6545b01",1
"6545b02",1
"6545b03",1
"6545b04",1
"6545b05",1
"6545c07",1
"6545c08",1
"6552a1",1
"6558a01",1
"6558a02",1
"6558a03",1
"6558a04",1
"6558a05",1
"6558a06",1
"6558a07",1
"6558b - 01",1
"6558b - 02",1
"6558b - 03",1
"6558b - 05",1
"6558c01",1
"6558c02",1
"6558c03",1
"6558c04",1
"6558c05",1
"6558c06",1
"6558c07",1
"6558c08",1
"6558c09",1
"6558c10",1
"6558c11",1
"6558c12",1
"6559a - 01",1
"6559a - 03",1
"6559a - 04",1
"6559a - 05",1
"6559b01",1
"6559b02",1
"6559c - 02",1
"6559c - 03",1
"6559c - 05",1
"6560c",1
"6560d",1
"6563a1",1
"6563a2",1
"6563a3",1
"6563a5",1
"6563d1",1
"6563d2",1
"6563d3",1
"6564a",1
"6564a1",1
"6564b1",1
"6564b2",1
"6564c",1
"6564c-1 Synalov",1
"6564c-2 Boraè",1
"6565a1",1
"6565b",1
"6565b1",1
"6565b2",1
"6565b3",1
"6565b4",1
"6565b5",1
"6565c",1
"6565c1",1
"6565c2",1
"6565d3",1
"6566a1",1
"6566b1",1
"6566c-1 nad Sloupem 1",1
"6566c-2 nad Sloupem 2",1
"6566c-3 ïár",1
"6566c1",1
"6566d-1 Holštejn Zukalùv mlın",1
"6566d-1 Zuk",1
"6566d-2 Bílá voda",1
"6566d-3 Baldovec",1
"6566d1",1
"6567b1",1
"6567b2",1
"6567b3",1
"6567b4",1
"6567b5",1
"6567b6",1
"6567b7",1
"6567b8",1
"6567d1",1
"6567d2",1
"6568c1",1
"6568c2",1
"6569b1",1
"6569b2",1
"6569d1",1
"6569d2",1
"6571a2",1
"6571a3",1
"6571a4",1
"6571b1",1
"6571b2",1
"6572A2",1
"6572A3",1
"6572b1",1
"6572c1",1
"6572c3",1
"6573a1",1
"6573a2",1
"6573b1",1
"6573b2",1
"6573c1",1
"6573c2",1
"6574a1",1
"6574a2",1
"6574a3",1
"6574b",1
"6574c1",1
"6574c2",1
"6575a10",1
"6575a11",1
"6575a12",1
"6575a2",1
"6575a3",1
"6575a4",1
"6575a5",1
"6575a6",1
"6575a7",1
"6575a9",1
"6575b1",1
"6575b2",1
"6575c1",1
"6575c10",1
"6575c11",1
"6575c12",1
"6575c13",1
"6575c14",1
"6575c2",1
"6575c3",1
"6575c4",1
"6575c5",1
"6575c6",1
"6575c7",1
"6575c8",1
"6575c9",1
"6575d1",1
"6575d2",1
"6575d3",1
"6575d4",1
"6575d5",1
"6575d7",1
"6575d8",1
"6576a1",1
"6576c1",1
"6576c2",1
"6643a001",1
"6643a002",1
"6643b1",1
"6643b2",1
"6643b3",1
"6643b4",1
"6643b5",1
"6643b6",1
"6643b7",1
"6643b8",1
"6643d1",1
"6643d2",1
"6643d3",1
"6643d4",1
"6643d5",1
"6643d6",1
"6643d7",1
"6643d8",1
"6643d9",1
"6644a1",1
"6644a2",1
"6644a3",1
"6644a4",1
"6644a5",1
"6644a6",1
"6644b1",1
"6644b2",1
"6644b3",1
"6644b4",1
"6644c1",1
"6644c10",1
"6644c11",1
"6644c2",1
"6644c3",1
"6644c4",1
"6644c5",1
"6644c6",1
"6644c7",1
"6644c8",1
"6644c9",1
"6644d1",1
"6644d10",1
"6644d11",1
"6644d12",1
"6644d13",1
"6644d2",1
"6644d3",1
"6644d4",1
"6644d5",1
"6644d6",1
"6644d7",1
"6644d8",1
"6644d9",1
"6645a1",1
"6645a2",1
"6645a3",1
"6645a4",1
"6645a5",1
"6645a6",1
"6645a7",1
"6645a8",1
"6645a9",1
"6645c1",1
"6645c10",1
"6645c2",1
"6645c3",1
"6645c4",1
"6645c5",1
"6645c6",1
"6645c7",1
"6645c9",1
"6660c",1
"6660d",1
"6664a",1
"6664a2",1
"6664a3",1
"6664a4",1
"6664b",1
"6665a1",1
"6665b1",1
"6665d",1
"6665d1",1
"6666a",1
"6666a-1 Laánky",1
"6666a-2 Vilémovice",1
"6666a-3 Punkva",1
"6666a1",1
"6666a1- Suchdol",1
"6666a2",1
"6666a2-Lazanky1",1
"6666a3",1
"6666a3-Punk1",1
"6666a4-Punk3",1
"6666a5-Vilém",1
"6666b",1
"6666b-1 Ostrov mokøad",1
"6666b-2 Ostrov za høištìm",1
"6666b-3 Krasovské údolí",1
"6666b1- Ostrov1",1
"6666b2",1
"6666c-1 Tipeèek hájovna",1
"6666c-2 Køtiny u Zukalova mlına",1
"6666c-3 Tipeèek jih",1
"6666c1",1
"6666c1-Rud-cov",1
"6666d1",1
"6666d2",1
"6669b1",1
"6669b2",1
"6670c1",1
"6670c2",1
"6671b1",1
"6671b2",1
"6671d1",1
"6672a1",1
"6672a2",1
"6672a4",1
"6672c1",1
"6672c2",1
"6674c1",1
"6674c2",1
"6674c3",1
"6674c4",1
"6674c6",1
"6674c7",1
"6675a1",1
"6675a2",1
"6675b1",1
"6675c1",1
"6675c2",1
"6675c3",1
"6675d2",1
"6676a1",1
"6676a2",1
"6676c2",1
"6766a-1 Køtiny èov",1
"6766a1",1
"6766b-1 Hadek",1
"6766b-1 Hádek CHKO",1
"6766b-2 Hádek mimo CHKO",1
"6766b1",1
"6766c-2 Tipec",1
"6766c-3 Tipec2",1
"6766c-4 Krt-Bis",1
"6767a",1
"6767a2",1
"6770b 1",1
"6770b 2",1
"6771a 1",1
"6771a 2",1
"6771c1",1
"6771c2",1
"6771c3",1
"6771c4",1
"6771d2",1
"6771d3",1
"6771d4",1
"6772a1",1
"6772a3",1
"6772b1",1
"6772b2",1
"6772b3",1
"6772c1",1
"6772c2",1
"6772c4",1
"6773b1",1
"6773b2",1
"6773b3",1
"6773b4",1
"6774a",1
"6774a1",1
"6774a2",1
"6774b",1
"6774b1",1
"6774b2",1
"6774b3",1
"6774b4",1
"6774c",1
"6774c1",1
"6774c2",1
"6774c3",1
"6774d1",1
"6774d2",1
"6851b1",1
"6864a-1 Štìpánovice",1
"6865c",1
"6865c-1 Bobrava 1",1
"6865c-2 Bobrava 2",1
"6871b2",1
"6871b3",1
"6871b4",1
"6871d1",1
"6871d3",1
"6871d4",1
"6872a2",1
"6872a3",1
"6872a4",1
"6872a5",1
"6872b1",1
"6872c4",1
"6873b1",1
"6874b1",1
"6874c1",1
"6874c2",1
"6874c3",1
"6952d1",1
"6952d2",1
"6962c3",1
"6971b2",1
"6972a1",1
"6972a2",1
"6972a3",1
"6972a5",1
"6972b1",1
"6972b2",1
"6972b3",1
"6972b4",1
"6972b5",1
"6972b6",1
"6972c1",1
"6972d1",1
"6972d3",1
"6973a1",1
"6973a2",1
"6973b1",1
"6973c1",1
"6973c2",1
"6973d1",1
"6974b2",1
"7050d1",1
"7051a1",1
"7051b1",1
"7051b2",1
"7051c10",1
"7051c11",1
"7051c12",1
"7051c13",1
"7051c14",1
"7051c15",1
"7051c17",1
"7051c18",1
"7051c25",1
"7051c6",1
"7051c7",1
"7051c8",1
"7051d4",1
"7051d5",1
"7051d6",1
"7051d7",1
"7051d8",1
"7051d9",1
"7052b",1
"7052c1",1
"7052d",1
"7053a",1
"7053d1",1
"7069b1",1
"7069b2",1
"7069b3",1
"7069b4",1
"7069b5",1
"7069b6",1
"7069b7",1
"7069d1",1
"7069d2",1
"7069d3",1
"7069d4",1
"7069d5",1
"7069d6",1
"7069d7",1
"7069d8",1
"7070a1",1
"7070a2",1
"7070a3",1
"7070a4",1
"7070a5",1
"7070a6",1
"7070a7",1
"7070a8",1
"7070a9",1
"7070c1",1
"7070c2",1
"7072a1",1
"7072a2",1
"7072a3",1
"7072a4",1
"7073c1",1
"7073c2",1
"7151a6",1
"7151b1",1
"7151b2",1
"7151b5",1
"7151c21",1
"7151c22",1
"7151c23",1
"7151c24",1
"7151d1",1
"7152a",1
"7152d1",1
"7152d2",1
"7152d3",1
"7152d4",1
"7152d5",1
"7153a2",1
"7153b1",1
"7153b10",1
"7153b11",1
"7153b2",1
"7153b3",1
"7153b4",1
"7153b6",1
"7153b7",1
"7153b8",1
"7153b9",1
"7153c1",1
"7153c2",1
"7153c3",1
"7154d1",1
"7169b1",1
"7169b2",1
"7169b3",1
"7169b4",1
"7169b5",1
"7170c1",1
"7170c3",1
"7170c4",1
"7170d1",1
"7170d2",1
"7170d3",1
"7170d4",1
"7171a1",1
"7171a2",1
"7171a3",1
"7171b1",1
"7171b2",1
"7171c1",1
"7171c2",1
"7171d1",1
"7249a1",1
"7251c1",1
"7251c2",1
"7251c5",1
"7251c6",1
"7251c7",1
"7251c8",1
"7251d1",1
"7251d3",1
"7251d4",1
"7251d5",1
"7252a1",1
"7252b1",1
"7252b2",1
"7252b3",1
"7252b4",1
"7252b5",1
"7252b6",1
"7252b7",1
"7252d1",1
"7253a1",1
"7253a2",1
"7253a3",1
"7253a4",1
"7253a5",1
"7253a6",1
"7253a7",1
"7253a8",1
"7253c1",1
"7253c2",1
"7253c3",1
"7253c4",1
"7254a1",1
"7254a2",1
"7254a3",1
"7254a4",1
"7254b3",1
"7351b1",1
"7351b2",1
"7351c1",1
"7351c2",1
"7351c3",1
"7351c4",1
"7351c5",1
"7351c6",1
"7351c7",1
"7351c9",1
"7351d1",1
"7351d2",1
"7351d3",1
"7351d4",1
"7351d5",1
"7352b1",1
"7352b2",1
"7352b3",1
"7352c1",1
"7352d1",1
"7352d2",1
"7353c1",1
"7353c2",1
"7353c4",1
"7353d Horní Pøibraní",1
"7368b2",1
"738a65f8-477a-47a6-b7da-2c3ae9349670",1
"7451a1",1
"7451a2",1
"7451a3",1
"7451a4",1
"7451a6",1
"7451b1",1
"7451b2",1
"7451b3",1
"7452a1",1
"7452a2",1
"7452a3",1
"7452a4",1
"7452a5",1
"82a5c7f0-cfbc-4a8f-a61a-4376c19c4d82",1
"8537bf92-f5bf-46cf-90c4-ce51b340f64b",1
"Abertamy, pod Plešivcem",1
"Abertamy, stráò pod silnicí",1
"Abertamy, u Bystøice",1
"Abertamy, u Perninského rašeliništì",1
"Albrechtice",1
"Andìlská Hora",1
"Arnoldov, Plavno 1",1
"Arnoltov, pod elektrovodem",1
"Bahna",1
"Becva",1
"Benát. Vrutce - V lukách",1
"Bezdìkov pod silnicí",1
"Bezdìèín",1
"Beèov, sádky",1
"Blanice, dálnièní most",1
"Blateèky",1
"Blíevedly 1",1
"Blíevedly 2",1
"Blíevedly 3",1
"Bobrová",1
"Bohatice",1
"Bohatice, krvavcová plantá",1
"Bohatice, v zatáèce",1
"Bohdalec",1
"Bohdalov",1
"Bohdalov - Rozhraní",1
"Bohdíkov",1
"Borek u Štìdré",1
"Boreèek 1",1
"Boreèek 2",1
"Boreèek 3",1
"Borová",1
"Bory",1
"Bošíøany",1
"Bphostice",1
"Bradlo",1
"Bratkovice",1
"Bratkovice 2",1
"Bratrušov",1
"Bratøínov",1
"Brenskı mlın",1
"Brtnièka",1
"Budíkovice",1
"Buèín",1
"Bušín - údolí Líšnièky (Podhrádek)",1
"Bystøice nad Pernštejnem",1
"Bílkovice, mlın",1
"Bílkovice, mokøad",1
"Bílı potokIntravilán obce",1
"Bílı potokNeseèené záøezy koòské pastviny",1
"Bílı potokOkolí hájovny",1
"Bøezenec",1
"Chlistov - modraskova louka",1
"Chlîstov",1
"Chmelištná",1
"Chodov",1
"Cholupice",1
"Chomutov - Bezruèovo údolí",1
"Chomutov - Stráištì",1
"Chotıèany",1
"Chroboly, u Zlatého potoka",1
"ChudobaIntravilán obce",1
"Chvalšiny, Boletice Osí",1
"Chvalšiny, za farmou",1
"Chyše, pod synagogou",1
"Chyše, u pøejezdu",1
"Chınice1",1
"Chøibská Louka u Brodskıch",1
"Chøibská pod høbitovem",1
"Damice",1
"Darová, u pøívozu",1
"Dasnice",1
"Dobroèkov - Smìdeè, pod silnicí",1
"Dobøejovice",1
"Dolní Cerekev",1
"Dolní Rychnov",1
"Domamil",1
"Doubravice",1
"Drahonín",1
"Drhovy",1
"Dvorce",1
"Dáchov",1
"Dívèice",1
"Dìdkov",1
"Dìpoltovice",1
"Dìpoltovice, nad vsí",1
"Dìpoltovice, pod Bøezovım vrchem",1
"Dìpoltovice, pod zámkem",1
"Dìtøichov",1
"EVL Protivanov",1
"EVL Stradovskı rybník",1
"Fojtka, louka v obci",1
"Fojtka, u silnice",1
"Habartov, Úlabí",1
"Habrovice",1
"Habry",1
"Hadovka pod studánkou",1
"Halenkovice",1
"Hamerska prehrada",1
"Hanušovice",1
"HerborticeKvìtnatá xerotermní stráò nad è.p. 66 s hojnou saranèí vrzavou",1
"Hladov",1
"Hlavno, kosená louka",1
"Hlavno, ruderál za vsí",1
"Hora Svatého Šebestiána",1
"Hora Svatého Šebestiána II.",1
"Horní Bory",1
"Horní Libochová",1
"Hostice",1
"Hoøejany",1
"HoštejnÚdolí Bøezné, krvavec/modrásek lokálnì",1
"Hradèany - Plouènice 2",1
"Hradèany - Plouènice 3",1
"Hradèany - Plouènice 4",1
"Hranice III",1
"Hranice III - Velká Údolí",1
"Hranice III - VelkáÚdolí Splavné, aluviální louky s obìma totenovımi modrásky",1
"Hrnèíøe",1
"Hrušková, pod elektrovodem",1
"Hrádek, Pustina",1
"Hrádek, bıvalá zahrada",1
"Hrádek, pod elektrovodem, jih",1
"Hrádek, pod elektrovodem, sever",1
"Hubièkùv Luh",1
"Hutisko na Poskle",1
"Huzová",1
"Hu, louka u køiovatky",1
"Hvozdnice",1
"Hıskov1",1
"Jaromerice bad Rokytnou",1
"Jasenice",1
"Javorná u Brace",1
"Javorník",1
"JavorníkJavorník Ves, udrovaná oblast mezi potokem a tratí, krvavec/modrásek lokálnì",1
"JedlíNa Dole, komplex luk a pastvin rùznıch vodních reimù",1
"Jeníkov",1
"Jestøebí",1
"Jestøebí - louky vıchodnì 1",1
"Jestøebí - louky vıchodnì 2",1
"Jestøebíèko",1
"Jeømaò",1
"Jilove1",1
"Jindøišská",1
"Kaceøov 2",1
"KadeøínUdrovaná mokrá louèka v intravilánu obce",1
"Kamenickı Šenov",1
"KamenièkaSilnièní záøezy na èesko-polské hranici",1
"Karlovy Vary, Dvory, kosená louka",1
"Karlovy Vary, Dvory, lado",1
"Karlovy Vary, Dvory, údolíèko",1
"Karlovy Vary, letištì",1
"Kašovice",1
"Kfely",1
"Kfely u Ostrova",1
"Kfely, pod Strániskem",1
"Kfely, pod Vìtrnım dvorem",1
"Kfely, u øeky",1
"Klady Øímov",1
"Kluka 2",1
"Klínec",1
"Klíny",1
"Knìpole",1
"Kokašice",1
"Komáøí dolina",1
"Komòátka",1
"Koruna",1
"KorunaÚdolí Ospitského potoka a okolí el. trati, krvavec/modrásek lokálnì",1
"Kostelec u Jihlavy",1
"Kostelní",1
"Kostelní, k Vysokému kameni",1
"Kostelní, nad vsí",1
"Kostelní, pod vsí",1
"KováøovIntravilán obce v údolí stejnojmenného potoka, z dùvodu špatného poèasí pouze rychlé znovuovìøování starších nálezù",1
"Kozov",1
"Kozí strá?",1
"Košíky",1
"Krahulov - Stekly rybnik",1
"Kraslice, u cesty",1
"Kravaøe",1
"KrchlebyRuderální hráz Horní nádre",1
"Krásná Studánka, násep silnice",1
"Krásnı Les",1
"Krásnìves",1
"KrásnìvesVrbùv mlın, aluviální, spíše chudé totenové louky, modrásek lokálnì, øídce",1
"Kuchaøík1",1
"Kunratice u Cvikova",1
"Kunèice",1
"Kuøí",1
"Kuøívody",1
"Kvìtnov",1
"KøemaèovAluviální krvavcové/totenové louky v údolí Mírovky, modrásek lokálnì hojnı na vhodnıch plochách",1
"Køešice",1
"Køešickı potok, Drahòovice",1
"Køešickı potok, pod táborem",1
"Køišanovice",1
"Køišanovice, Benèú",1
"Køídla",1
"Køíatky",1
"LS1",1
"LS10",1
"LS11",1
"LS12",1
"LS13",1
"LS14",1
"LS15",1
"LS16",1
"LS17",1
"LS2",1
"LS3",1
"LS4",1
"LS5",1
"LS6",1
"LS7",1
"LS8",1
"LS9",1
"Lašovice1",1
"Leopoldovy Hamry",1
"Lenice",1
"Libeø",1
"Liboc",1
"Liboc, u cesty",1
"Liboc, u silnice",1
"Libouchec",1
"Lideò",1
"Litickı potok",1
"Litvínov",1
"Lobzy",1
"Loket",1
"Loket, za sídlištìm",1
"Louka u Litvínova",1
"Louky v Jeníkovì",1
"Luby",1
"Luh nad Svatavou, u øeky",1
"Luh nad Svatavou, zahrada",1
"Luková",1
"Luká, Ješov, VeselíèkoAluviální louky v údolí Javoøíèky",1
"LupìnéÚdolí PP Bøezná",1
"Lvová",1
"Lázy",1
"Líšnice",1
"Líšnı, svah proti mostu",1
"MaletínJahodnice, záøezy cest",1
"MaletínOkolí bezejmenného rybníka ve støedu obce na køiovatce, kakostovo-totenové louky a záøezy",1
"Malá Skála, Snìhov",1
"Malá Skála, sad u høbitova",1
"Malá Skála, sad u kina",1
"Malé Chvojno",1
"Malı Hrzín",1
"Malı Hrzín, sušší louka",1
"Mariánské Radèice",1
"Markvartice",1
"Martínkov - krizovatka",1
"Martínkov - pod JZD",1
"Maseèín2",1
"Mašov, za Sedleckım rybnikem",1
"Meziboøí",1
"Mezirolí, nekosená louka",1
"Mezirolí, èertkusová louka",1
"Meziøíèko",1
"Mikluvka",1
"Milíøe",1
"Milèice",1
"Mimoò",1
"Mirovice",1
"Mlınská, jih",1
"Mlınská, sever",1
"Mlınská, u Libockého potoka, jih",1
"Mnicgov, u rybníèkù",1
"Mnichov, pod Pluhovım borem",1
"Mokrá u Chyše",1
"Mordıøka1",1
"Moøíèov, pod vodárnou",1
"Moøíèov, pøíkop v patvinì",1
"Mraè",1
"Mysloèovice",1
"Myslín",1
"Málkov",1
"Míkovice",1
"MírovÚdolí Mírovky, krvavec/modrásek v podstatì plošnì v aluviích podél komunikace",1
"Místo",1
"Mìchov, u Otroèínského potoka",1
"Mìsteèko u Chotıšan",1
"Mìsteèko, osada Albatros",1
"NPP Hrabanovská èernava - jih",1
"NPP Hrabanovská èernava - sever",1
"Na cestì za Luèinou",1
"Nad Køepelákem",1
"Nadlesí",1
"Nadlesí, pod elektrovodem",1
"Nadlesí, sušší stráò",1
"Naháè u Svaté Maø?",1
"Nechánice1",1
"Nectava",1
"Nedachlebice",1
"Neszrašovice",1
"Nezabudice1",1
"Nová Pec, u døevoskladu",1
"Nová Teplice",1
"Nová Ves nad Lunicí",1
"Nová Ves u Podboøan",1
"Nová Ves u Podboøan, západ",1
"Nová Ves u Podboøanského Rohozce",1
"Nová Ves, u Kyselky",1
"Nové Mìsto u Jáchymova",1
"Nové OldøùvkyZarùstající luní louky v povodí Odry uvnitø VVP",1
"Nové Sedlo",1
"Nové Veselí",1
"Novı Maletín",1
"Novı MaletínÚdolí Mírovky, krvavec/modrásek v podstatì plošnì v aluviích podél komunikace",1
"Novı Rychnov",1
"Nákøí",1
"Nárameè - Topol",1
"Obyètov",1
"Odeø, k Hroznìtínu",1
"Odeø, kosená louka u cesty",1
"Odeø, mokøad",1
"Odeø, pøíkop",1
"Odolenovice",1
"Okrouhlo",1
"Okøešice",1
"Oleško",1
"Olšina, louka mezi èp. 27 a tratí",1
"Omice",1
"Opatov",1
"Opatov - Hutì",1
"Oslava - pod obci",1
"Otovice, Na Vleèce",1
"Otradivice - EVL 1",1
"Otradivice - EVL 2",1
"Otradivice - EVL 3",1
"Otradivice - EVL 5",1
"PP Horní Malše",1
"PP Hoøeèková louka na Pile",1
"PP Kosatcová louka",1
"PP Louka vstavaèù u Èernıše",1
"PP Na Novém rybníce",1
"PR Starı rybník",1
"PR Svìtlá",1
"Pachenkov",1
"Padochov",1
"Partutovice",1
"Pazderna",1
"Pdtrosecká údolí, Krèák",1
"Pertoltice",1
"Pestøice, hranièní potok",1
"Pestøice, k Lipnu",1
"Petrušov",1
"PetrušovPetrušovské a slovácké údolí - kvìtnaté s vhodnım aktivním managementem, více lokalit, modrásek lokální, krvavec témìø plošnı vıskyt",1
"Petøíkov",1
"Pikárec",1
"Pod Kolní strání",1
"Pod Skøípinou",1
"Podlesí",1
"Podmoky",1
"Podmraèí",1
"Pohoøí na Šumavì",1
"Polom",1
"PolomIntravilán obce - údolí Luhy, kvìtnaté kakostové/totenové louky, modrásci ostrùvkovitì",1
"Popovice",1
"Pouštì",1
"Poèátky",1
"Poèátky, sever",1
"Poøíèany",1
"Pp Na Oburce",1
"Prachatice, odboèka na Lázné sv. Markéty",1
"Prachatice, pod Lipovım dvorem",1
"Prameny, pøíkop",1
"Prameny, pøíkop u Upolínové louky",1
"Prameny, pøíkop u silnice o Mnichovu",1
"Pribram hrbitov",1
"Prmen, pod Køíky",1
"Prostøední Lánov, louka",1
"Protivec, u pøejezdu",1
"Ptacov",1
"Puklice",1
"Pustovìty1",1
"Pyšely",1
"Písnice",1
"Pøebuz, bıv. Mlınské chalupy",1
"Pøílezy",1
"Pøíseka",1
"Rabynì",1
"Radostice",1
"Rakovník1",1
"Rašeliništì Borková, jiní èást u Lipna",1
"Raškov",1
"Roblín1",1
"Roblín2",1
"Ronov",1
"Rosnice",1
"Rosnice, kosená louka",1
"Rotava, u lomu",1
"Roná",1
"Rudolice v Horách",1
"Rudíkov",1
"Rybníky",1
"Rybníky u Nového Mìsta na Moravì",1
"Rybáøe, Na Šlemu",1
"Rychnov nad Malší",1
"Ráj",1
"Sadov",1
"Sadská - osada 1",1
"Sadská - osada 2",1
"Sedlec, u zahrádek",1
"Seè - Kamenna obec",1
"Sirákovice",1
"Sklené",1
"Skochovice",1
"Smilov",1
"Snìná, u cesty",1
"Sobìšín",1
"Spìlov",1
"Srbsko1",1
"Srní, k Hrzínu",1
"Stará Chodovská",1
"Stará Role, pøíkop",1
"Stará Role, ruderál",1
"Stará Voda",1
"Staré Sedlo, pod elektrovodem",1
"Staré Sedlo, za statkem",1
"Staøeè",1
"Strahov",1
"Stranné",1
"Stráek",1
"Studnice",1
"Svate Pole",1
"Svatobor",1
"Svatá1",1
"Svatá3",1
"Svatá4",1
"Svìtlá - Jasánky",1
"Sytno - louka v zástavbì",1
"Sítiny",1
"Sítiny, u rybníka",1
"Tasov",1
"Tichá",1
"Touim, u trafostanice",1
"Traplice",1
"Trebíè - niva",1
"Trhonín, u Naháèe, chaty",1
"Trubská1",1
"Tvrdkov",1
"Tøemblat",1
"Tøemošnice",1
"U Bahòáèku",1
"Ujèov",1
"Vajeèník",1
"Valtéøov, Zálubí",1
"Valšùv DùlKrvavcová údolní louka (poslední v údolí)",1
"Velešín u Fontánky",1
"Velké Popovice",1
"Velkı Rybník, pøíkop",1
"Verneøice",1
"Vestec",1
"Veveøí",1
"Vicemile u Vimperka",1
"Vilemov Toèice",1
"Vilsnice",1
"Vintíøov, k Chodovu",1
"Vintíøov, samoty",1
"Vintíøov, u cesty",1
"Vlkaneè",1
"Vlkov u Drahotìšic",1
"Vodìrádky",1
"Vojtíškov",1
"Volary, Vraništ? jih",1
"Volákùv kopec",1
"Vranov",1
"Vranová & Hranièky",1
"Vrch u Srní",1
"Vrchlabí Vejsplachy, louka u potoka",1
"Vrzanov",1
"Vílanec",1
"Víska 1",1
"Víska 2",1
"Vítkov - u trati 2",1
"Vítkov u Sokolova, pøíkop",1
"Vìchnov",1
"Za Svatoborem",1
"Zahoøany",1
"Zaluany",1
"Zbıšov",1
"Zdimìøice",1
"Zlatkov",1
"Zrcadlová Koza, louka",1
"Záhoøice, pod tratí",1
"Záhoøice, u zastávky",1
"Záhoøí",1
"Záhoøí, SV èast  kopce S o.",1
"Záhoøín",1
"Zámeckı park Vinaøe",1
"a845c8a3-402d-42c8-bdca-a148f5e9f1e0",1
"b0c0f9ce-9765-4cf9-938f-f4f9cd2ae655",1
"b7fe2229-6762-45b8-81b0-da00bd029c2f",1
"ba2354cb-ba96-4e1c-81bb-9269c7c14781",1
"bdd43907-4cbd-45f0-ba39-a2a40e06a674",1
"c0782cb5-d9a5-44cd-9058-98a155d287a3",1
"c4c3c356-bc2e-4cd3-9b51-039aab73fcca",1
"c5a18afa-b6c1-4c0a-aafe-9563c7484304",1
"c6684272-6a62-45c9-baf9-92db6852ce80",1
"cf448aed-4dbe-4ef0-9e15-4e9ea4978e20",1
"e528d29a-780d-4ba2-881b-e63a3ea1acb1",1
"e5da22a7-2257-4f6b-a1f1-fd0af7f5f176",1
"ea2f7c30-f828-408f-b589-39679a9c9159",1
"ea6e5dba-7262-4bac-a681-e1d41c06d437",1
"efa1d47e-bea7-48cf-a69e-fbe320a47078",1
"f306dd51-82f2-4fb9-b302-fbb5640f7344",1
"fab2a008-c4b0-435c-860a-2ac1786483c2",1
"pod Heømanickım rybníkem",1
"rybník Argentina",1
"stanovnice",1
"údolí Tøebùvky",1
"Èejetièky - 5555c3 a 5655a1",1
"Èernice",1
"Èerná voda - Okolí Podhradského rybníka",1
"Èervenı mlın",1
"Èeskı Šternberk",1
"Èihadlo",1
"Èirá",1
"Èistá, pod Jeronımem",1
"Èotkytle",1
"ÈotkytleKrálovství, zarùstající rustikální kolonie ve svahu",1
"Èíhoš",1
"Øímovice",1
"Šerchov",1
"Šlakhamry",1
"Štìkøe",1
"Švaøec u øeky",1
"Švábov",1
"lutice, k pøehradì",1
"ulováStarost",1
